signal_date,instrument_id,name,observed_sessions,first_limit_date,first_limit_lag,all_limit_dates
2026-09-09,603214.SH,爱婴室,5,,,
2026-09-09,603066.SH,音飞储存,5,,,
2026-09-09,002121.SZ,科陆电子,5,,,
2026-09-09,001368.SZ,通达创智,5,,,
2026-09-09,605567.SH,春雪食品,5,,,
2026-09-09,601008.SH,连云港,5,,,
2026-09-09,000586.SZ,汇源通信,5,,,
2026-09-09,000923.SZ,河钢资源,5,,,
2026-09-09,002910.SZ,庄园牧场,5,,,
2026-09-09,000737.SZ,北方铜业,5,,,
2026-09-09,002442.SZ,龙星科技,5,2026-09-16,5,2026-09-16
2026-09-09,002913.SZ,奥士康,5,2026-09-16,5,2026-09-16
2026-09-09,002661.SZ,克明食品,5,2026-09-10,1,2026-09-10
2026-09-09,003033.SZ,征和工业,5,,,
2026-09-09,600776.SH,东方通信,5,,,
2026-09-09,001280.SZ,中国铀业,5,,,
2026-09-09,600343.SH,航天动力,5,,,
2026-09-09,003006.SZ,百亚股份,5,,,
2026-09-09,001205.SZ,盛航股份,5,,,
2026-09-09,002593.SZ,日上集团,5,,,
2026-09-09,601611.SH,中国核建,5,,,
2026-09-09,601022.SH,宁波远洋,5,,,
2026-09-09,003013.SZ,地铁设计,5,,,
2026-09-09,600824.SH,益民集团,5,,,
2026-09-09,000690.SZ,宝新能源,5,,,
2026-09-09,000988.SZ,华工科技,5,,,
2026-09-09,600488.SH,津药药业,5,2026-09-10,1,2026-09-10;2026-09-14
2026-09-09,002953.SZ,日丰股份,5,,,
2026-09-09,601126.SH,四方股份,5,,,
2026-09-09,603128.SH,华贸物流,5,,,
2026-09-09,000088.SZ,盐田港,5,,,
2026-09-09,600191.SH,华资实业,5,,,
2026-09-09,600348.SH,华阳股份,5,,,
2026-09-09,600217.SH,中再资环,5,,,
2026-09-09,603285.SH,键邦股份,5,2026-09-14,3,2026-09-14
2026-09-09,600855.SH,航天长峰,5,,,
2026-09-09,002597.SZ,金禾实业,5,,,
2026-09-09,001338.SZ,永顺泰,5,,,
2026-09-09,600875.SH,东方电气,5,,,
2026-09-09,000915.SZ,华特达因,5,,,
2026-09-09,603663.SH,三祥新材,5,,,
2026-09-09,002753.SZ,永东股份,5,,,
2026-09-09,600798.SH,宁波海运,5,,,
2026-09-09,603051.SH,鹿山新材,5,,,
2026-09-09,000507.SZ,珠海港,5,,,
2026-09-09,600841.SH,动力新科,5,,,
2026-09-09,001201.SZ,东瑞股份,5,,,
2026-09-09,603005.SH,晶方科技,5,,,
2026-09-09,600198.SH,大唐电信,5,,,
2026-09-09,002617.SZ,露笑科技,5,2026-09-16,5,2026-09-16
2026-09-09,605151.SH,西上海,5,,,
2026-09-09,605011.SH,杭州热电,5,2026-09-11,2,2026-09-11
2026-09-09,002258.SZ,利尔化学,5,,,
2026-09-09,002532.SZ,天山铝业,5,,,
2026-09-09,600396.SH,华电辽能,5,,,
2026-09-09,000539.SZ,粤电力A,5,,,
2026-09-09,002652.SZ,扬子新材,5,,,
2026-09-09,600590.SH,泰豪科技,5,,,
2026-09-09,600744.SH,华银电力,5,2026-09-10,1,2026-09-10
2026-09-09,000863.SZ,三湘印象,5,,,
2026-09-09,002267.SZ,陕天然气,5,,,
2026-09-09,002171.SZ,楚江新材,5,,,
2026-09-09,605222.SH,起帆电缆,5,,,
2026-09-09,600578.SH,京能电力,5,,,
2026-09-09,002448.SZ,中原内配,5,,,
2026-09-09,603615.SH,茶花股份,5,,,
2026-09-09,600569.SH,安阳钢铁,5,,,
2026-09-09,603928.SH,兴业股份,5,,,
2026-09-09,002915.SZ,中欣氟材,5,,,
2026-09-09,601568.SH,北元化工,5,,,
2026-09-09,000869.SZ,张裕A,5,,,
2026-09-09,000655.SZ,金岭矿业,5,,,
2026-09-09,600710.SH,苏美达,5,,,
2026-09-09,002099.SZ,海翔药业,5,,,
2026-09-09,002692.SZ,远程股份,5,,,
2026-09-09,000933.SZ,神火股份,5,,,
2026-09-09,600467.SH,好当家,5,,,
2026-09-09,002795.SZ,永和智控,5,,,
2026-09-09,000767.SZ,晋控电力,5,,,
2026-09-09,601991.SH,大唐发电,5,,,
2026-09-09,600011.SH,华能国际,5,,,
2026-09-09,603222.SH,济民健康,5,,,
2026-09-09,002819.SZ,东方中科,5,,,
2026-09-09,603527.SH,众源新材,5,,,
2026-09-09,000789.SZ,万年青,5,,,
2026-09-09,002516.SZ,旷达科技,5,,,
2026-09-09,603321.SH,梅轮电梯,5,,,
2026-09-09,603888.SH,新华网,5,,,
2026-09-09,603316.SH,诚邦股份,5,2026-09-10,1,2026-09-10
2026-09-09,002370.SZ,亚太药业,5,,,
2026-09-09,002224.SZ,三力士,5,,,
2026-09-09,000516.SZ,国际医学,5,,,
2026-09-09,003002.SZ,壶化股份,5,,,
2026-09-09,002713.SZ,东易日盛,5,,,
2026-09-09,603331.SH,百达精工,5,,,
2026-09-09,002166.SZ,莱茵生物,5,,,
2026-09-09,600935.SH,华塑股份,5,,,
2026-09-09,002728.SZ,特一药业,5,,,
2026-09-09,603779.SH,威龙股份,5,,,
2026-09-09,600161.SH,天坛生物,5,,,
2026-09-09,000822.SZ,山东海化,5,,,
2026-09-09,603153.SH,上海建科,5,,,
2026-09-09,002792.SZ,通宇通讯,5,,,
2026-09-09,600777.SH,新潮能源,5,,,
2026-09-09,600579.SH,中化装备,5,,,
2026-09-09,000778.SZ,新兴铸管,5,,,
2026-09-09,600113.SH,浙江东,5,,,
2026-09-09,002053.SZ,云南能投,5,,,
2026-09-09,000953.SZ,中哲精化,5,,,
2026-09-09,600518.SH,康美药业,5,,,
2026-09-09,600470.SH,六国化工,5,,,
2026-09-09,600822.SH,上海物贸,5,,,
2026-09-09,601005.SH,重庆钢铁,5,,,
2026-09-09,002562.SZ,兄弟科技,5,,,
2026-09-09,600097.SH,开创国际,5,,,
2026-09-09,002324.SZ,普利特,5,,,
2026-09-09,002788.SZ,鹭燕医药,5,,,
2026-09-09,601618.SH,中国中冶,5,,,
2026-09-09,601858.SH,中国科传,5,,,
2026-09-09,000902.SZ,新洋丰,5,,,
2026-09-09,603997.SH,继峰股份,5,,,
2026-09-09,603120.SH,肯特催化,5,,,
2026-09-09,603600.SH,永艺股份,5,,,
2026-09-09,002529.SZ,海源复材,5,,,
2026-09-09,600866.SH,星湖科技,5,,,
2026-09-09,600389.SH,江山股份,5,,,
2026-09-09,603639.SH,海利尔,5,,,
2026-09-09,603000.SH,人民网,5,,,
2026-09-09,001324.SZ,长青科技,5,,,
2026-09-09,000528.SZ,柳工,5,,,
2026-09-09,600372.SH,中航机载,5,,,
2026-09-09,002637.SZ,赞宇科技,5,,,
2026-09-09,603212.SH,赛伍技术,5,,,
2026-09-09,600667.SH,太极实业,5,2026-09-10,1,2026-09-10
2026-09-09,002588.SZ,史丹利,5,,,
2026-09-09,002116.SZ,中国海诚,5,,,
2026-09-09,002962.SZ,五方光电,5,,,
2026-09-09,600362.SH,江西铜业,5,,,
2026-09-09,600399.SH,抚顺特钢,5,,,
2026-09-09,000525.SZ,红太阳,5,,,
2026-09-09,000422.SZ,湖北宜化,5,,,
2026-09-09,002481.SZ,双塔食品,5,,,
2026-09-09,603578.SH,三星新材,5,,,
2026-09-09,603096.SH,新经典,5,,,
2026-09-09,002749.SZ,国光股份,5,,,
2026-09-09,603335.SH,迪生力,5,,,
2026-09-09,600356.SH,恒丰纸业,5,,,
2026-09-09,000856.SZ,冀东装备,5,,,
2026-09-09,000756.SZ,新华制药,5,,,
2026-09-09,002567.SZ,唐人神,5,,,
2026-09-09,603536.SH,惠发食品,5,,,
2026-09-09,000430.SZ,张家界,5,,,
2026-09-09,002970.SZ,锐明技术,5,,,
2026-09-09,002561.SZ,徐家汇,5,,,
2026-09-09,002006.SZ,精工科技,5,,,
2026-09-09,603418.SH,友升股份,5,,,
2026-09-09,603030.SH,全筑股份,5,,,
2026-09-09,603609.SH,禾丰股份,5,,,
2026-09-09,000417.SZ,合百集团,5,,,
2026-09-09,000504.SZ,南华生物,5,,,
2026-09-09,600814.SH,杭州解百,5,,,
2026-09-09,002571.SZ,德力股份,5,,,
2026-09-09,600380.SH,健康元,5,,,
2026-09-09,002985.SZ,北摩高科,5,,,
2026-09-09,002086.SZ,东方海洋,5,,,
2026-09-09,002885.SZ,京泉华,5,,,
2026-09-09,603289.SH,泰瑞机器,5,,,
2026-09-09,600308.SH,华泰股份,5,,,
2026-09-09,603773.SH,沃格光电,5,,,
2026-09-09,000880.SZ,潍柴重机,5,,,
2026-09-09,000812.SZ,陕西金叶,5,2026-09-14,3,2026-09-14
2026-09-09,001210.SZ,金房能源,5,,,
2026-09-09,603458.SH,勘设股份,5,,,
2026-09-09,603713.SH,密尔克卫,5,,,
2026-09-09,002476.SZ,新叶股份,5,,,
2026-09-09,002056.SZ,横店东磁,5,,,
2026-09-09,605388.SH,均瑶健康,5,,,
2026-09-09,603655.SH,朗博科技,5,,,
2026-09-09,002730.SZ,电光科技,5,2026-09-16,5,2026-09-16
2026-09-09,002472.SZ,双环传动,5,,,
2026-09-09,002438.SZ,江苏神通,5,,,
2026-09-09,600616.SH,金枫酒业,5,2026-09-16,5,2026-09-16
2026-09-09,600088.SH,中视传媒,5,2026-09-11,2,2026-09-11;2026-09-14
2026-09-09,603230.SH,内蒙新华,5,2026-09-16,5,2026-09-16
2026-09-09,603257.SH,中国瑞林,5,,,
2026-09-09,600150.SH,中国船舶,5,,,
2026-09-09,603161.SH,科华控股,5,,,
2026-09-09,603613.SH,国联股份,5,,,
2026-09-09,603686.SH,福龙马,5,,,
2026-09-09,002537.SZ,海联金汇,5,,,
2026-09-09,600548.SH,深高速,5,,,
2026-09-09,002157.SZ,正邦科技,5,,,
2026-09-09,000860.SZ,顺鑫农业,5,,,
2026-09-09,000753.SZ,漳州发展,5,2026-09-16,5,2026-09-16
2026-09-09,002940.SZ,昂利康,5,,,
2026-09-09,002922.SZ,伊戈尔,5,,,
2026-09-09,600388.SH,紫金龙净,5,,,
2026-09-09,000400.SZ,许继电气,5,,,
2026-09-09,600629.SH,华建集团,5,,,
2026-09-09,600148.SH,长春一东,5,,,
2026-09-09,600685.SH,中船防务,5,,,
2026-09-09,603363.SH,傲农生物,5,,,
2026-09-09,600538.SH,国发股份,5,,,
2026-09-09,603067.SH,振华股份,5,,,
2026-09-09,603444.SH,吉比特,5,,,
2026-09-09,002608.SZ,江苏国信,5,,,
2026-09-09,600072.SH,中船科技,5,,,
2026-09-09,000905.SZ,厦门港务,5,,,
2026-09-09,002678.SZ,珠江钢琴,5,,,
2026-09-09,600601.SH,方正科技,5,,,
2026-09-09,603322.SH,超讯科技,5,,,
2026-09-09,002186.SZ,全聚德,5,,,
2026-09-09,603341.SH,龙旗科技,5,,,
2026-09-09,001208.SZ,华菱线缆,5,,,
2026-09-09,600312.SH,平高电气,5,,,
2026-09-09,600819.SH,耀皮玻璃,5,,,
2026-09-09,002658.SZ,雪迪龙,5,,,
2026-09-09,002299.SZ,圣农发展,5,,,
2026-09-09,603477.SH,巨星农牧,5,,,
2026-09-09,002037.SZ,保利联合,5,,,
2026-09-09,603991.SH,领先股份,5,,,
2026-09-09,002982.SZ,湘佳股份,5,,,
2026-09-09,002602.SZ,世纪华通,5,,,
2026-09-09,000420.SZ,吉林化纤,5,,,
2026-09-09,002654.SZ,万润科技,5,,,
2026-09-09,601619.SH,嘉泽新能,5,,,
2026-09-09,603798.SH,康普顿,5,,,
2026-09-09,002548.SZ,金新农,5,,,
2026-09-09,000547.SZ,航天发展,5,,,
2026-09-09,000058.SZ,深赛格,5,,,
2026-09-09,002163.SZ,海南发展,5,,,
2026-09-09,000722.SZ,湖南发展,5,2026-09-10,1,2026-09-10
2026-09-09,603069.SH,海汽集团,5,,,
2026-09-09,000529.SZ,广弘控股,5,,,
2026-09-09,605296.SH,神农集团,5,,,
2026-09-09,600295.SH,鄂尔多斯,5,,,
2026-09-09,600570.SH,恒生电子,5,,,
2026-09-09,603031.SH,安孚科技,5,,,
2026-09-09,603183.SH,建研院,5,,,
2026-09-09,600897.SH,厦门空港,5,,,
2026-09-09,001360.SZ,南矿集团,5,,,
2026-09-09,600809.SH,山西汾酒,5,,,
2026-09-09,002100.SZ,天康生物,5,,,
2026-09-09,603383.SH,顶点软件,5,,,
2026-09-09,002253.SZ,川大智胜,5,,,
2026-09-09,603193.SH,润本股份,5,,,
2026-09-09,600559.SH,老白干酒,5,,,
2026-09-09,600550.SH,保变电气,5,,,
2026-09-09,002706.SZ,良信股份,5,,,
2026-09-09,600519.SH,贵州茅台,5,,,
2026-09-09,002624.SZ,完美世界,5,,,
2026-09-09,002177.SZ,御银股份,5,,,
2026-09-09,603817.SH,海峡环保,5,,,
2026-09-09,600418.SH,江淮汽车,5,,,
2026-09-09,002967.SZ,广电计量,5,,,
2026-09-09,002196.SZ,方正电机,5,,,
2026-09-09,002825.SZ,纳尔股份,5,,,
2026-09-09,605299.SH,舒华体育,5,,,
2026-09-09,002761.SZ,浙江建投,5,,,
2026-09-09,002553.SZ,南方精工,5,,,
2026-09-09,002778.SZ,中晟高科,5,,,
2026-09-09,000520.SZ,凤凰航运,5,,,
2026-09-09,002031.SZ,巨轮智能,5,,,
2026-09-09,000530.SZ,冰山冷热,5,,,
2026-09-09,600336.SH,澳柯玛,5,,,
2026-09-09,002796.SZ,世嘉科技,5,,,
2026-09-09,001696.SZ,宗申动力,5,,,
2026-09-09,600358.SH,国旅联合,5,,,
2026-09-09,002846.SZ,英联股份,5,2026-09-15,4,2026-09-15;2026-09-16
2026-09-09,000929.SZ,兰州黄河,5,,,
2026-09-09,600749.SH,西藏旅游,5,,,
2026-09-09,002811.SZ,郑中设计,5,,,
2026-09-09,600650.SH,锦江在线,5,,,
2026-09-09,603983.SH,丸美生物,5,,,
2026-09-09,605369.SH,拱东医疗,5,,,
2026-09-09,002249.SZ,大洋电机,5,,,
2026-09-09,600885.SH,宏发股份,5,,,
2026-09-09,001279.SZ,强邦新材,5,,,
2026-09-09,002510.SZ,天汽模,5,,,
2026-09-09,002406.SZ,远东传动,5,,,
2026-09-09,600027.SH,华电国际,5,,,
2026-09-09,603767.SH,中马传动,5,,,
2026-09-09,603191.SH,望变电气,5,,,
2026-09-09,603960.SH,克来机电,5,,,
2026-09-09,002471.SZ,中超控股,5,,,
2026-09-09,600228.SH,返利科技,5,2026-09-14,3,2026-09-14
2026-09-09,603223.SH,恒通股份,5,,,
2026-09-09,002879.SZ,长缆科技,5,,,
2026-09-09,000501.SZ,武商集团,5,,,
2026-09-09,605399.SH,晨光新材,5,,,
2026-09-09,603380.SH,易德龙,5,,,
2026-09-09,600026.SH,中远海能,5,,,
2026-09-09,002174.SZ,游族网络,5,2026-09-10,1,2026-09-10
2026-09-09,001382.SZ,新亚电缆,5,,,
2026-09-09,600156.SH,华升股份,5,,,
2026-09-09,601985.SH,中国核电,5,,,
2026-09-09,002158.SZ,汉钟精机,5,,,
2026-09-09,002278.SZ,神开股份,5,,,
2026-09-09,000519.SZ,中兵红箭,5,,,
2026-09-09,002646.SZ,天佑德酒,5,,,
2026-09-09,002519.SZ,银河电子,5,2026-09-11,2,2026-09-11
2026-09-09,600477.SH,杭萧钢构,5,,,
2026-09-09,603269.SH,海鸥股份,5,,,
2026-09-09,600435.SH,北方导航,5,,,
2026-09-09,002106.SZ,莱宝高科,5,,,
2026-09-09,000731.SZ,四川美丰,5,2026-09-16,5,2026-09-16
2026-09-09,000985.SZ,大庆华科,5,,,
2026-09-09,002890.SZ,弘宇股份,5,,,
2026-09-09,002189.SZ,中光学,5,,,
2026-09-09,600284.SH,浦东建设,5,,,
2026-09-09,002612.SZ,朗姿股份,5,,,
2026-09-09,002389.SZ,航天彩虹,5,,,
2026-09-09,002660.SZ,茂硕电源,5,,,
2026-09-09,603901.SH,永创智,5,,,
2026-09-09,603898.SH,好莱客,5,,,
2026-09-09,600976.SH,健民集团,5,,,
2026-09-09,002765.SZ,蓝黛科技,5,,,
2026-09-09,002361.SZ,神剑股份,5,,,
2026-09-09,603583.SH,捷昌驱动,5,,,
2026-09-09,603001.SH,奥康国际,5,,,
2026-09-09,603616.SH,韩建河山,5,,,
2026-09-09,003028.SZ,振邦智能,5,,,
2026-09-09,003037.SZ,三和管桩,5,,,
2026-09-09,003009.SZ,中天火箭,5,,,
2026-09-09,603601.SH,再升科技,5,2026-09-10,1,2026-09-10
2026-09-09,002457.SZ,青龙管业,5,,,
2026-09-09,001369.SZ,双欣材料,5,,,
2026-09-09,000692.SZ,惠天热电,5,,,
2026-09-09,002826.SZ,易明医药,5,,,
2026-09-09,002298.SZ,中电鑫龙,5,,,
2026-09-09,601236.SH,红塔证券,5,,,
2026-09-09,001393.SZ,维通利,5,,,
2026-09-09,600236.SH,桂冠电力,5,,,
2026-09-09,000697.SZ,炼石航空,5,,,
2026-09-09,600178.SH,东安动力,5,,,
2026-09-09,605001.SH,威奥股份,5,,,
2026-09-09,002490.SZ,山东墨龙,5,,,
2026-09-09,000670.SZ,盈方微,5,2026-09-16,5,2026-09-16
2026-09-09,600106.SH,重庆路桥,5,,,
2026-09-09,001335.SZ,信凯科技,5,,,
2026-09-09,002416.SZ,爱施德,5,,,
2026-09-09,002342.SZ,巨力索具,5,,,
2026-09-09,600795.SH,国电电力,5,,,
2026-09-09,603586.SH,金麒麟,5,,,
2026-09-09,603685.SH,晨丰科技,5,,,
2026-09-09,002735.SZ,王子新材,5,,,
2026-09-09,600249.SH,两面针,5,,,
2026-09-09,002830.SZ,名雕股份,5,,,
2026-09-09,002651.SZ,利君股份,5,,,
2026-09-09,000768.SZ,中航西飞,5,,,
2026-09-09,002933.SZ,新兴装备,5,,,
2026-09-09,600054.SH,黄山旅游,5,,,
2026-09-09,601636.SH,旗滨集团,5,,,
2026-09-09,002033.SZ,丽江股份,5,,,
2026-09-09,603488.SH,展鹏科技,5,,,
2026-09-09,603126.SH,中材节能,5,,,
2026-09-09,601311.SH,骆驼股份,5,,,
2026-09-09,601900.SH,南方传媒,5,,,
2026-09-09,000409.SZ,云鼎科技,5,,,
2026-09-09,601330.SH,绿色动力,5,,,
2026-09-09,002332.SZ,仙琚制药,5,,,
2026-09-09,002534.SZ,西子洁能,5,,,
2026-09-09,002688.SZ,金河生物,5,,,
2026-09-09,601882.SH,海天精工,5,,,
2026-09-09,601929.SH,吉视传媒,5,,,
2026-09-09,603585.SH,苏利股份,5,,,
2026-09-09,600018.SH,上港集团,5,,,
2026-09-09,603755.SH,日辰股份,5,,,
2026-09-09,603893.SH,瑞芯微,5,,,
2026-09-09,601933.SH,永辉超市,5,,,
2026-09-09,002995.SZ,天地在线,5,,,
2026-09-09,600071.SH,凤凰光学,5,,,
2026-09-09,603559.SH,中通国脉,5,,,
2026-09-09,000801.SZ,四川九洲,5,,,
2026-09-09,002117.SZ,东港股份,5,,,
2026-09-09,600780.SH,通宝能源,5,,,
2026-09-09,600556.SH,天下秀,5,,,
2026-09-09,603348.SH,文灿股份,5,,,
2026-09-09,000665.SZ,湖北广电,5,,,
2026-09-09,605089.SH,味知香,5,,,
2026-09-09,600533.SH,栖霞建设,5,,,
2026-09-09,603115.SH,海星股份,5,,,
2026-09-09,000503.SZ,国新健康,5,,,
2026-09-09,002803.SZ,吉宏股份,5,,,
2026-09-09,603598.SH,引力传媒,5,,,
2026-09-09,000425.SZ,徐工机械,5,,,
2026-09-09,605138.SH,盛泰集团,5,,,
2026-09-09,002131.SZ,利欧股份,5,,,
2026-09-09,002712.SZ,思美传媒,5,,,
2026-09-09,002729.SZ,好利科技,5,,,
2026-09-09,002757.SZ,南兴股份,5,,,
2026-09-09,600419.SH,天润乳业,5,,,
2026-09-09,601333.SH,广深铁路,5,,,
2026-09-09,600712.SH,南宁百货,5,2026-09-10,1,2026-09-10
2026-09-09,601319.SH,中国人保,5,,,
2026-09-09,600576.SH,祥源文旅,5,,,
2026-09-09,600039.SH,四川路桥,5,,,
2026-09-09,600640.SH,国脉文化,5,,,
2026-09-09,603262.SH,技源集团,5,,,
2026-09-09,603896.SH,寿仙谷,5,,,
2026-09-09,603579.SH,荣泰健康,5,,,
2026-09-09,603599.SH,广信股份,5,,,
2026-09-09,002261.SZ,拓维信息,5,,,
2026-09-09,000663.SZ,永安林业,5,,,
2026-09-09,000521.SZ,长虹美菱,5,,,
2026-09-09,002400.SZ,省广集团,5,,,
2026-09-09,002262.SZ,恩华药业,5,,,
2026-09-09,002362.SZ,汉王科技,5,2026-09-15,4,2026-09-15
2026-09-09,605166.SH,聚合顺,5,,,
2026-09-09,002292.SZ,奥飞娱乐,5,,,
2026-09-09,600986.SH,浙文互联,5,,,
2026-09-09,600715.SH,文投控股,5,,,
2026-09-09,000716.SZ,黑芝麻,5,,,
2026-09-09,605333.SH,沪光股份,5,,,
2026-09-09,000550.SZ,江铃汽车,5,,,
2026-09-09,603086.SH,先达股份,5,,,
2026-09-09,603369.SH,今世缘,5,,,
2026-09-09,000411.SZ,英特集团,5,,,
2026-09-09,600784.SH,鲁银投资,5,,,
2026-09-09,002570.SZ,贝因美,5,,,
2026-09-09,603235.SH,天新药业,5,,,
2026-09-09,002697.SZ,红旗连锁,5,,,
2026-09-09,002467.SZ,二六三,5,,,
2026-09-09,601512.SH,中新集团,5,,,
2026-09-09,002807.SZ,江阴银行,5,,,
2026-09-09,603352.SH,至信股份,5,,,
2026-09-09,605128.SH,上海沿浦,5,,,
2026-09-09,600633.SH,浙数文化,5,,,
2026-09-09,001300.SZ,三柏硕,5,,,
2026-09-09,600486.SH,扬农化工,5,,,
2026-09-09,002920.SZ,德赛西威,5,,,
2026-09-09,600016.SH,民生银行,5,,,
2026-09-09,600706.SH,曲江文旅,5,,,
2026-09-09,002785.SZ,万里石,5,,,
2026-09-09,603020.SH,爱普股份,5,2026-09-14,3,2026-09-14
2026-09-09,603707.SH,健友股份,5,,,
2026-09-09,600665.SH,天地源,5,,,
2026-09-09,000553.SZ,安道麦A,5,,,
2026-09-09,002568.SZ,百润股份,5,,,
2026-09-09,002421.SZ,达实智能,5,,,
2026-09-09,600405.SH,动力源,5,,,
2026-09-09,600499.SH,科达制造,5,,,
2026-09-09,603636.SH,南威软件,5,,,
2026-09-09,603358.SH,华达科技,5,,,
2026-09-09,002918.SZ,蒙娜丽莎,5,2026-09-14,3,2026-09-14
2026-09-09,601658.SH,邮储银行,5,,,
2026-09-09,603868.SH,飞科电器,5,,,
2026-09-09,603080.SH,新疆火炬,5,,,
2026-09-09,002681.SZ,奋达科技,5,,,
2026-09-09,000626.SZ,远大控股,5,,,
2026-09-09,002226.SZ,江南化工,5,,,
2026-09-09,600630.SH,龙头股份,5,,,
2026-09-09,600839.SH,四川长虹,5,,,
2026-09-09,600373.SH,中文传媒,5,,,
2026-09-09,603070.SH,万控智造,5,,,
2026-09-09,603029.SH,天鹅股份,5,,,
2026-09-09,002556.SZ,辉隆股份,5,,,
2026-09-09,002385.SZ,大北农,5,,,
2026-09-09,603276.SH,恒兴新材,5,2026-09-16,5,2026-09-16
2026-09-09,002245.SZ,蔚蓝锂芯,5,,,
2026-09-09,605500.SH,森林包装,5,,,
2026-09-09,601128.SH,常熟银行,5,,,
2026-09-09,001308.SZ,康冠科技,5,,,
2026-09-09,002159.SZ,三特索道,5,,,
2026-09-09,000681.SZ,视觉中国,5,,,
2026-09-09,600583.SH,海油工程,5,,,
2026-09-09,601058.SH,赛轮轮胎,5,,,
2026-09-09,002103.SZ,广博股份,5,,,
2026-09-09,002331.SZ,皖通科技,5,,,
2026-09-10,600812.SH,华北制药,4,,,
2026-09-10,600101.SH,明星电力,4,,,
2026-09-10,003029.SZ,吉大正元,4,,,
2026-09-10,600505.SH,西昌电力,4,,,
2026-09-10,600864.SH,哈投股份,4,,,
2026-09-10,000889.SZ,中嘉博创,4,,,
2026-09-10,001896.SZ,豫能控股,4,2026-09-14,2,2026-09-14
2026-09-10,002735.SZ,王子新材,4,,,
2026-09-10,002140.SZ,东华科技,4,,,
2026-09-10,000899.SZ,赣能股份,4,,,
2026-09-10,002596.SZ,海南瑞泽,4,,,
2026-09-10,002242.SZ,九阳股份,4,2026-09-11,1,2026-09-11
2026-09-10,000037.SZ,深南电A,4,,,
2026-09-10,600917.SH,重庆燃气,4,,,
2026-09-10,002613.SZ,北玻股份,4,,,
2026-09-10,600310.SH,广西能源,4,,,
2026-09-10,600726.SH,华电能源,4,,,
2026-09-10,000810.SZ,创维数字,4,,,
2026-09-10,600343.SH,航天动力,4,,,
2026-09-10,002108.SZ,沧州明珠,4,,,
2026-09-10,000601.SZ,韶能股份,4,,,
2026-09-10,603366.SH,日出东方,4,,,
2026-09-10,600582.SH,天地科技,4,,,
2026-09-10,600163.SH,中闽能源,4,2026-09-15,3,2026-09-15
2026-09-10,000537.SZ,绿发电力,4,,,
2026-09-10,600979.SH,广安爱众,4,,,
2026-09-10,000863.SZ,三湘印象,4,,,
2026-09-10,002591.SZ,恒大高新,4,,,
2026-09-10,003037.SZ,三和管桩,4,,,
2026-09-10,000862.SZ,银星能源,4,,,
2026-09-10,600578.SH,京能电力,4,,,
2026-09-10,600303.SH,曙光股份,4,,,
2026-09-10,002451.SZ,摩恩电气,4,,,
2026-09-10,002918.SZ,蒙娜丽莎,4,2026-09-14,2,2026-09-14
2026-09-10,600293.SH,三峡新材,4,,,
2026-09-10,002434.SZ,万里扬,4,,,
2026-09-10,002161.SZ,远望谷,4,2026-09-11,1,2026-09-11;2026-09-16
2026-09-10,601991.SH,大唐发电,4,,,
2026-09-10,603106.SH,恒银科技,4,,,
2026-09-10,600764.SH,中国海防,4,,,
2026-09-10,002643.SZ,万润股份,4,,,
2026-09-10,002552.SZ,宝鼎科技,4,,,
2026-09-10,600706.SH,曲江文旅,4,,,
2026-09-10,002692.SZ,远程股份,4,,,
2026-09-10,600396.SH,华电辽能,4,,,
2026-09-10,000539.SZ,粤电力A,4,,,
2026-09-10,600249.SH,两面针,4,,,
2026-09-10,002088.SZ,鲁阳节能,4,,,
2026-09-10,001388.SZ,信通电子,4,,,
2026-09-10,603389.SH,亚振家居,4,,,
2026-09-10,603657.SH,春光科技,4,2026-09-14,2,2026-09-14
2026-09-10,002481.SZ,双塔食品,4,,,
2026-09-10,600982.SH,宁波能源,4,,,
2026-09-10,002600.SZ,领益智造,4,,,
2026-09-10,600710.SH,苏美达,4,,,
2026-09-10,600789.SH,鲁抗医药,4,,,
2026-09-10,002310.SZ,东方新能,4,,,
2026-09-10,000021.SZ,深科技,4,,,
2026-09-10,605058.SH,澳弘电子,4,2026-09-11,1,2026-09-11;2026-09-14;2026-09-15;2026-09-16
2026-09-10,600104.SH,上汽集团,4,,,
2026-09-10,600032.SH,浙江新能,4,,,
2026-09-10,002508.SZ,老板电器,4,,,
2026-09-10,001215.SZ,千味央厨,4,,,
2026-09-10,000767.SZ,晋控电力,4,,,
2026-09-10,002132.SZ,恒星科技,4,,,
2026-09-10,603053.SH,成都燃气,4,,,
2026-09-10,603693.SH,江苏新能,4,2026-09-11,1,2026-09-11
2026-09-10,601218.SH,吉鑫科技,4,2026-09-15,3,2026-09-15
2026-09-10,603093.SH,南华期货,4,,,
2026-09-10,601061.SH,中信金属,4,,,
2026-09-10,603214.SH,爱婴室,4,,,
2026-09-10,603066.SH,音飞储存,4,,,
2026-09-10,002121.SZ,科陆电子,4,,,
2026-09-10,001368.SZ,通达创智,4,,,
2026-09-10,605567.SH,春雪食品,4,,,
2026-09-10,601008.SH,连云港,4,,,
2026-09-10,000586.SZ,汇源通信,4,,,
2026-09-10,000923.SZ,河钢资源,4,,,
2026-09-10,002910.SZ,庄园牧场,4,,,
2026-09-10,000737.SZ,北方铜业,4,,,
2026-09-10,002442.SZ,龙星科技,4,2026-09-16,4,2026-09-16
2026-09-10,002913.SZ,奥士康,4,2026-09-16,4,2026-09-16
2026-09-10,003033.SZ,征和工业,4,,,
2026-09-10,600776.SH,东方通信,4,,,
2026-09-10,001280.SZ,中国铀业,4,,,
2026-09-10,003006.SZ,百亚股份,4,,,
2026-09-10,001205.SZ,盛航股份,4,,,
2026-09-10,002593.SZ,日上集团,4,,,
2026-09-10,601611.SH,中国核建,4,,,
2026-09-10,601022.SH,宁波远洋,4,,,
2026-09-10,003013.SZ,地铁设计,4,,,
2026-09-10,600824.SH,益民集团,4,,,
2026-09-10,000690.SZ,宝新能源,4,,,
2026-09-10,000988.SZ,华工科技,4,,,
2026-09-10,002953.SZ,日丰股份,4,,,
2026-09-10,601126.SH,四方股份,4,,,
2026-09-10,603128.SH,华贸物流,4,,,
2026-09-10,000088.SZ,盐田港,4,,,
2026-09-10,600191.SH,华资实业,4,,,
2026-09-10,600348.SH,华阳股份,4,,,
2026-09-10,600217.SH,中再资环,4,,,
2026-09-10,603285.SH,键邦股份,4,2026-09-14,2,2026-09-14
2026-09-10,600855.SH,航天长峰,4,,,
2026-09-10,002597.SZ,金禾实业,4,,,
2026-09-10,001338.SZ,永顺泰,4,,,
2026-09-10,600875.SH,东方电气,4,,,
2026-09-10,000915.SZ,华特达因,4,,,
2026-09-10,603663.SH,三祥新材,4,,,
2026-09-10,002753.SZ,永东股份,4,,,
2026-09-10,600798.SH,宁波海运,4,,,
2026-09-10,603051.SH,鹿山新材,4,,,
2026-09-10,000507.SZ,珠海港,4,,,
2026-09-10,600841.SH,动力新科,4,,,
2026-09-10,001201.SZ,东瑞股份,4,,,
2026-09-10,603005.SH,晶方科技,4,,,
2026-09-10,600198.SH,大唐电信,4,,,
2026-09-10,002617.SZ,露笑科技,4,2026-09-16,4,2026-09-16
2026-09-10,605151.SH,西上海,4,,,
2026-09-10,605011.SH,杭州热电,4,2026-09-11,1,2026-09-11
2026-09-10,002258.SZ,利尔化学,4,,,
2026-09-10,002532.SZ,天山铝业,4,,,
2026-09-10,002652.SZ,扬子新材,4,,,
2026-09-10,600590.SH,泰豪科技,4,,,
2026-09-10,002267.SZ,陕天然气,4,,,
2026-09-10,002171.SZ,楚江新材,4,,,
2026-09-10,605222.SH,起帆电缆,4,,,
2026-09-10,002448.SZ,中原内配,4,,,
2026-09-10,603615.SH,茶花股份,4,,,
2026-09-10,600569.SH,安阳钢铁,4,,,
2026-09-10,603928.SH,兴业股份,4,,,
2026-09-10,002915.SZ,中欣氟材,4,,,
2026-09-10,601568.SH,北元化工,4,,,
2026-09-10,000869.SZ,张裕A,4,,,
2026-09-10,000655.SZ,金岭矿业,4,,,
2026-09-10,002099.SZ,海翔药业,4,,,
2026-09-10,000933.SZ,神火股份,4,,,
2026-09-10,600467.SH,好当家,4,,,
2026-09-10,002795.SZ,永和智控,4,,,
2026-09-10,600011.SH,华能国际,4,,,
2026-09-10,603222.SH,济民健康,4,,,
2026-09-10,002819.SZ,东方中科,4,,,
2026-09-10,603527.SH,众源新材,4,,,
2026-09-10,000789.SZ,万年青,4,,,
2026-09-10,002516.SZ,旷达科技,4,,,
2026-09-10,603321.SH,梅轮电梯,4,,,
2026-09-10,603888.SH,新华网,4,,,
2026-09-10,002370.SZ,亚太药业,4,,,
2026-09-10,002224.SZ,三力士,4,,,
2026-09-10,000516.SZ,国际医学,4,,,
2026-09-10,003002.SZ,壶化股份,4,,,
2026-09-10,002713.SZ,东易日盛,4,,,
2026-09-10,603331.SH,百达精工,4,,,
2026-09-10,002166.SZ,莱茵生物,4,,,
2026-09-10,600935.SH,华塑股份,4,,,
2026-09-10,002728.SZ,特一药业,4,,,
2026-09-10,603779.SH,威龙股份,4,,,
2026-09-10,600161.SH,天坛生物,4,,,
2026-09-10,000822.SZ,山东海化,4,,,
2026-09-10,603153.SH,上海建科,4,,,
2026-09-10,002792.SZ,通宇通讯,4,,,
2026-09-10,600777.SH,新潮能源,4,,,
2026-09-10,600579.SH,中化装备,4,,,
2026-09-10,000778.SZ,新兴铸管,4,,,
2026-09-10,600113.SH,浙江东,4,,,
2026-09-10,002053.SZ,云南能投,4,,,
2026-09-10,000953.SZ,中哲精化,4,,,
2026-09-10,600518.SH,康美药业,4,,,
2026-09-10,600470.SH,六国化工,4,,,
2026-09-10,600822.SH,上海物贸,4,,,
2026-09-10,601005.SH,重庆钢铁,4,,,
2026-09-10,002562.SZ,兄弟科技,4,,,
2026-09-10,600097.SH,开创国际,4,,,
2026-09-10,002324.SZ,普利特,4,,,
2026-09-10,002788.SZ,鹭燕医药,4,,,
2026-09-10,601618.SH,中国中冶,4,,,
2026-09-10,601858.SH,中国科传,4,,,
2026-09-10,000902.SZ,新洋丰,4,,,
2026-09-10,603997.SH,继峰股份,4,,,
2026-09-10,603120.SH,肯特催化,4,,,
2026-09-10,603600.SH,永艺股份,4,,,
2026-09-10,002529.SZ,海源复材,4,,,
2026-09-10,600866.SH,星湖科技,4,,,
2026-09-10,600389.SH,江山股份,4,,,
2026-09-10,603639.SH,海利尔,4,,,
2026-09-10,603000.SH,人民网,4,,,
2026-09-10,001324.SZ,长青科技,4,,,
2026-09-10,000528.SZ,柳工,4,,,
2026-09-10,600372.SH,中航机载,4,,,
2026-09-10,002637.SZ,赞宇科技,4,,,
2026-09-10,603212.SH,赛伍技术,4,,,
2026-09-10,002588.SZ,史丹利,4,,,
2026-09-10,002116.SZ,中国海诚,4,,,
2026-09-10,002962.SZ,五方光电,4,,,
2026-09-10,600362.SH,江西铜业,4,,,
2026-09-10,600165.SH,宁科生物,4,,,
2026-09-10,600399.SH,抚顺特钢,4,,,
2026-09-10,000525.SZ,红太阳,4,,,
2026-09-10,000422.SZ,湖北宜化,4,,,
2026-09-10,603578.SH,三星新材,4,,,
2026-09-10,002749.SZ,国光股份,4,,,
2026-09-10,603335.SH,迪生力,4,,,
2026-09-10,600356.SH,恒丰纸业,4,,,
2026-09-10,000856.SZ,冀东装备,4,,,
2026-09-10,603096.SH,新经典,4,,,
2026-09-10,000756.SZ,新华制药,4,,,
2026-09-10,605300.SH,佳禾食品,4,,,
2026-09-10,002567.SZ,唐人神,4,,,
2026-09-10,603536.SH,惠发食品,4,,,
2026-09-10,000430.SZ,张家界,4,,,
2026-09-10,002970.SZ,锐明技术,4,,,
2026-09-10,002561.SZ,徐家汇,4,,,
2026-09-10,002006.SZ,精工科技,4,,,
2026-09-10,603418.SH,友升股份,4,,,
2026-09-10,603030.SH,全筑股份,4,,,
2026-09-10,603609.SH,禾丰股份,4,,,
2026-09-10,000417.SZ,合百集团,4,,,
2026-09-10,000504.SZ,南华生物,4,,,
2026-09-10,600814.SH,杭州解百,4,,,
2026-09-10,002571.SZ,德力股份,4,,,
2026-09-10,600380.SH,健康元,4,,,
2026-09-10,002985.SZ,北摩高科,4,,,
2026-09-10,002086.SZ,东方海洋,4,,,
2026-09-10,002885.SZ,京泉华,4,,,
2026-09-10,603289.SH,泰瑞机器,4,,,
2026-09-10,600308.SH,华泰股份,4,,,
2026-09-10,603773.SH,沃格光电,4,,,
2026-09-10,000880.SZ,潍柴重机,4,,,
2026-09-10,001210.SZ,金房能源,4,,,
2026-09-10,603458.SH,勘设股份,4,,,
2026-09-10,603713.SH,密尔克卫,4,,,
2026-09-10,002476.SZ,新叶股份,4,,,
2026-09-10,002056.SZ,横店东磁,4,,,
2026-09-10,000812.SZ,陕西金叶,4,2026-09-14,2,2026-09-14
2026-09-10,605388.SH,均瑶健康,4,,,
2026-09-10,603655.SH,朗博科技,4,,,
2026-09-10,002730.SZ,电光科技,4,2026-09-16,4,2026-09-16
2026-09-10,002472.SZ,双环传动,4,,,
2026-09-10,002438.SZ,江苏神通,4,,,
2026-09-10,600616.SH,金枫酒业,4,2026-09-16,4,2026-09-16
2026-09-10,600088.SH,中视传媒,4,2026-09-11,1,2026-09-11;2026-09-14
2026-09-10,603257.SH,中国瑞林,4,,,
2026-09-10,600150.SH,中国船舶,4,,,
2026-09-10,603161.SH,科华控股,4,,,
2026-09-10,603613.SH,国联股份,4,,,
2026-09-10,603686.SH,福龙马,4,,,
2026-09-10,002537.SZ,海联金汇,4,,,
2026-09-10,002157.SZ,正邦科技,4,,,
2026-09-10,000860.SZ,顺鑫农业,4,,,
2026-09-10,000753.SZ,漳州发展,4,2026-09-16,4,2026-09-16
2026-09-10,002940.SZ,昂利康,4,,,
2026-09-10,002922.SZ,伊戈尔,4,,,
2026-09-10,600388.SH,紫金龙净,4,,,
2026-09-10,000400.SZ,许继电气,4,,,
2026-09-10,600629.SH,华建集团,4,,,
2026-09-10,603230.SH,内蒙新华,4,2026-09-16,4,2026-09-16
2026-09-10,600148.SH,长春一东,4,,,
2026-09-10,600685.SH,中船防务,4,,,
2026-09-10,603363.SH,傲农生物,4,,,
2026-09-10,600538.SH,国发股份,4,,,
2026-09-10,603067.SH,振华股份,4,,,
2026-09-10,603444.SH,吉比特,4,,,
2026-09-10,002608.SZ,江苏国信,4,,,
2026-09-10,600072.SH,中船科技,4,,,
2026-09-10,000905.SZ,厦门港务,4,,,
2026-09-10,002678.SZ,珠江钢琴,4,,,
2026-09-10,600601.SH,方正科技,4,,,
2026-09-10,603322.SH,超讯科技,4,,,
2026-09-10,002186.SZ,全聚德,4,,,
2026-09-10,603341.SH,龙旗科技,4,,,
2026-09-10,001208.SZ,华菱线缆,4,,,
2026-09-10,600312.SH,平高电气,4,,,
2026-09-10,600819.SH,耀皮玻璃,4,,,
2026-09-10,002658.SZ,雪迪龙,4,,,
2026-09-10,002299.SZ,圣农发展,4,,,
2026-09-10,603477.SH,巨星农牧,4,,,
2026-09-10,002037.SZ,保利联合,4,,,
2026-09-10,603991.SH,领先股份,4,,,
2026-09-10,002982.SZ,湘佳股份,4,,,
2026-09-10,002602.SZ,世纪华通,4,,,
2026-09-10,000420.SZ,吉林化纤,4,,,
2026-09-10,002654.SZ,万润科技,4,,,
2026-09-10,601619.SH,嘉泽新能,4,,,
2026-09-10,603798.SH,康普顿,4,,,
2026-09-10,002548.SZ,金新农,4,,,
2026-09-10,000547.SZ,航天发展,4,,,
2026-09-10,000058.SZ,深赛格,4,,,
2026-09-10,002163.SZ,海南发展,4,,,
2026-09-10,603069.SH,海汽集团,4,,,
2026-09-10,000529.SZ,广弘控股,4,,,
2026-09-10,600548.SH,深高速,4,,,
2026-09-10,605296.SH,神农集团,4,,,
2026-09-10,600295.SH,鄂尔多斯,4,,,
2026-09-10,600570.SH,恒生电子,4,,,
2026-09-10,603031.SH,安孚科技,4,,,
2026-09-10,603183.SH,建研院,4,,,
2026-09-10,600897.SH,厦门空港,4,,,
2026-09-10,001360.SZ,南矿集团,4,,,
2026-09-10,002100.SZ,天康生物,4,,,
2026-09-10,603383.SH,顶点软件,4,,,
2026-09-10,600809.SH,山西汾酒,4,,,
2026-09-10,002253.SZ,川大智胜,4,,,
2026-09-10,603193.SH,润本股份,4,,,
2026-09-10,600559.SH,老白干酒,4,,,
2026-09-10,600550.SH,保变电气,4,,,
2026-09-10,002706.SZ,良信股份,4,,,
2026-09-10,600519.SH,贵州茅台,4,,,
2026-09-10,002624.SZ,完美世界,4,,,
2026-09-10,002177.SZ,御银股份,4,,,
2026-09-10,603817.SH,海峡环保,4,,,
2026-09-10,600418.SH,江淮汽车,4,,,
2026-09-10,002967.SZ,广电计量,4,,,
2026-09-10,002196.SZ,方正电机,4,,,
2026-09-10,002825.SZ,纳尔股份,4,,,
2026-09-10,605299.SH,舒华体育,4,,,
2026-09-10,002761.SZ,浙江建投,4,,,
2026-09-10,002553.SZ,南方精工,4,,,
2026-09-10,002778.SZ,中晟高科,4,,,
2026-09-10,000520.SZ,凤凰航运,4,,,
2026-09-10,002031.SZ,巨轮智能,4,,,
2026-09-10,000530.SZ,冰山冷热,4,,,
2026-09-10,600336.SH,澳柯玛,4,,,
2026-09-10,002796.SZ,世嘉科技,4,,,
2026-09-10,001696.SZ,宗申动力,4,,,
2026-09-10,600358.SH,国旅联合,4,,,
2026-09-10,002846.SZ,英联股份,4,2026-09-15,3,2026-09-15;2026-09-16
2026-09-10,000929.SZ,兰州黄河,4,,,
2026-09-10,600749.SH,西藏旅游,4,,,
2026-09-10,002811.SZ,郑中设计,4,,,
2026-09-10,603983.SH,丸美生物,4,,,
2026-09-10,605369.SH,拱东医疗,4,,,
2026-09-10,002249.SZ,大洋电机,4,,,
2026-09-10,600885.SH,宏发股份,4,,,
2026-09-10,001279.SZ,强邦新材,4,,,
2026-09-10,002510.SZ,天汽模,4,,,
2026-09-10,002406.SZ,远东传动,4,,,
2026-09-10,600027.SH,华电国际,4,,,
2026-09-10,603767.SH,中马传动,4,,,
2026-09-10,600650.SH,锦江在线,4,,,
2026-09-10,603191.SH,望变电气,4,,,
2026-09-10,603960.SH,克来机电,4,,,
2026-09-10,002471.SZ,中超控股,4,,,
2026-09-10,600228.SH,返利科技,4,2026-09-14,2,2026-09-14
2026-09-10,603223.SH,恒通股份,4,,,
2026-09-10,002879.SZ,长缆科技,4,,,
2026-09-10,000501.SZ,武商集团,4,,,
2026-09-10,605399.SH,晨光新材,4,,,
2026-09-10,603380.SH,易德龙,4,,,
2026-09-10,600026.SH,中远海能,4,,,
2026-09-10,001382.SZ,新亚电缆,4,,,
2026-09-10,600156.SH,华升股份,4,,,
2026-09-10,601985.SH,中国核电,4,,,
2026-09-10,002158.SZ,汉钟精机,4,,,
2026-09-10,002278.SZ,神开股份,4,,,
2026-09-10,002181.SZ,粤传媒,4,,,
2026-09-10,002769.SZ,普路通,4,,,
2026-09-10,000519.SZ,中兵红箭,4,,,
2026-09-10,002646.SZ,天佑德酒,4,,,
2026-09-10,603376.SH,大明电子,4,,,
2026-09-10,002519.SZ,银河电子,4,2026-09-11,1,2026-09-11
2026-09-10,600477.SH,杭萧钢构,4,,,
2026-09-10,600435.SH,北方导航,4,,,
2026-09-10,002106.SZ,莱宝高科,4,,,
2026-09-10,000985.SZ,大庆华科,4,,,
2026-09-10,002890.SZ,弘宇股份,4,,,
2026-09-10,002189.SZ,中光学,4,,,
2026-09-10,600284.SH,浦东建设,4,,,
2026-09-10,002612.SZ,朗姿股份,4,,,
2026-09-10,002660.SZ,茂硕电源,4,,,
2026-09-10,603898.SH,好莱客,4,,,
2026-09-10,600976.SH,健民集团,4,,,
2026-09-10,603901.SH,永创智,4,,,
2026-09-10,002765.SZ,蓝黛科技,4,,,
2026-09-10,002361.SZ,神剑股份,4,,,
2026-09-10,603583.SH,捷昌驱动,4,,,
2026-09-10,603001.SH,奥康国际,4,,,
2026-09-10,603616.SH,韩建河山,4,,,
2026-09-10,003028.SZ,振邦智能,4,,,
2026-09-10,003009.SZ,中天火箭,4,,,
2026-09-10,002457.SZ,青龙管业,4,,,
2026-09-10,001369.SZ,双欣材料,4,,,
2026-09-10,605188.SH,国光连锁,4,,,
2026-09-10,000692.SZ,惠天热电,4,,,
2026-09-10,002826.SZ,易明医药,4,,,
2026-09-10,000731.SZ,四川美丰,4,2026-09-16,4,2026-09-16
2026-09-10,002298.SZ,中电鑫龙,4,,,
2026-09-10,601236.SH,红塔证券,4,,,
2026-09-10,001393.SZ,维通利,4,,,
2026-09-10,600236.SH,桂冠电力,4,,,
2026-09-10,000697.SZ,炼石航空,4,,,
2026-09-10,600178.SH,东安动力,4,,,
2026-09-10,605001.SH,威奥股份,4,,,
2026-09-10,002490.SZ,山东墨龙,4,,,
2026-09-10,000670.SZ,盈方微,4,2026-09-16,4,2026-09-16
2026-09-10,600106.SH,重庆路桥,4,,,
2026-09-10,001335.SZ,信凯科技,4,,,
2026-09-10,002416.SZ,爱施德,4,,,
2026-09-10,002342.SZ,巨力索具,4,,,
2026-09-10,600795.SH,国电电力,4,,,
2026-09-10,603586.SH,金麒麟,4,,,
2026-09-10,603685.SH,晨丰科技,4,,,
2026-09-10,002830.SZ,名雕股份,4,,,
2026-09-10,002651.SZ,利君股份,4,,,
2026-09-10,002389.SZ,航天彩虹,4,,,
2026-09-10,000768.SZ,中航西飞,4,,,
2026-09-10,002933.SZ,新兴装备,4,,,
2026-09-10,600054.SH,黄山旅游,4,,,
2026-09-10,601636.SH,旗滨集团,4,,,
2026-09-10,002033.SZ,丽江股份,4,,,
2026-09-10,603269.SH,海鸥股份,4,,,
2026-09-10,002955.SZ,鸿合科技,4,,,
2026-09-10,002882.SZ,金龙羽,4,2026-09-15,3,2026-09-15
2026-09-10,603488.SH,展鹏科技,4,,,
2026-09-10,603126.SH,中材节能,4,,,
2026-09-11,002296.SZ,辉煌科技,3,,,
2026-09-11,001319.SZ,铭科精技,3,,,
2026-09-11,600032.SH,浙江新能,3,,,
2026-09-11,600682.SH,南京新百,3,,,
2026-09-11,601218.SH,吉鑫科技,3,2026-09-15,2,2026-09-15
2026-09-11,000151.SZ,中成股份,3,,,
2026-09-11,002487.SZ,大金重工,3,2026-09-15,2,2026-09-15
2026-09-11,002735.SZ,王子新材,3,,,
2026-09-11,601112.SH,振石股份,3,,,
2026-09-11,600706.SH,曲江文旅,3,,,
2026-09-11,600104.SH,上汽集团,3,,,
2026-09-11,603226.SH,菲林格尔,3,,,
2026-09-11,002508.SZ,老板电器,3,,,
2026-09-11,600982.SH,宁波能源,3,,,
2026-09-11,002613.SZ,北玻股份,3,,,
2026-09-11,600310.SH,广西能源,3,,,
2026-09-11,002108.SZ,沧州明珠,3,,,
2026-09-11,600163.SH,中闽能源,3,2026-09-15,2,2026-09-15
2026-09-11,003013.SZ,地铁设计,3,,,
2026-09-11,002088.SZ,鲁阳节能,3,,,
2026-09-11,002413.SZ,雷科防务,3,,,
2026-09-11,600979.SH,广安爱众,3,,,
2026-09-11,000921.SZ,海信家电,3,,,
2026-09-11,003035.SZ,南网能源,3,,,
2026-09-11,002139.SZ,拓邦股份,3,,,
2026-09-11,000862.SZ,银星能源,3,,,
2026-09-11,600468.SH,百利电气,3,,,
2026-09-11,600293.SH,三峡新材,3,,,
2026-09-11,603267.SH,鸿远电子,3,,,
2026-09-11,603678.SH,火炬电子,3,,,
2026-09-11,000720.SZ,新能泰山,3,2026-09-16,3,2026-09-16
2026-09-11,002510.SZ,天汽模,3,,,
2026-09-11,002130.SZ,沃尔核材,3,,,
2026-09-11,600198.SH,大唐电信,3,,,
2026-09-11,002617.SZ,露笑科技,3,2026-09-16,3,2026-09-16
2026-09-11,603606.SH,东方电缆,3,,,
2026-09-11,003007.SZ,直真科技,3,,,
2026-09-11,001388.SZ,信通电子,3,,,
2026-09-11,002859.SZ,洁美科技,3,,,
2026-09-11,603196.SH,璞源材料,3,,,
2026-09-11,600360.SH,华微电子,3,,,
2026-09-11,600100.SH,同方股份,3,,,
2026-09-11,000791.SZ,甘肃能源,3,,,
2026-09-11,001390.SZ,古麒绒材,3,,,
2026-09-11,002973.SZ,侨银股份,3,,,
2026-09-11,000531.SZ,穗恒运A,3,,,
2026-09-11,002202.SZ,金风科技,3,,,
2026-09-11,603205.SH,健尔康,3,,,
2026-09-11,002039.SZ,黔源电力,3,,,
2026-09-11,603218.SH,日月股份,3,,,
2026-09-11,600021.SH,上海电力,3,,,
2026-09-11,603376.SH,大明电子,3,,,
2026-09-11,000012.SZ,南玻A,3,,,
2026-09-11,600812.SH,华北制药,3,,,
2026-09-11,600101.SH,明星电力,3,,,
2026-09-11,003029.SZ,吉大正元,3,,,
2026-09-11,600505.SH,西昌电力,3,,,
2026-09-11,600864.SH,哈投股份,3,,,
2026-09-11,000889.SZ,中嘉博创,3,,,
2026-09-11,001896.SZ,豫能控股,3,2026-09-14,1,2026-09-14
2026-09-11,002140.SZ,东华科技,3,,,
2026-09-11,000899.SZ,赣能股份,3,,,
2026-09-11,002596.SZ,海南瑞泽,3,,,
2026-09-11,000037.SZ,深南电A,3,,,
2026-09-11,600917.SH,重庆燃气,3,,,
2026-09-11,600726.SH,华电能源,3,,,
2026-09-11,000810.SZ,创维数字,3,,,
2026-09-11,600343.SH,航天动力,3,,,
2026-09-11,000601.SZ,韶能股份,3,,,
2026-09-11,603366.SH,日出东方,3,,,
2026-09-11,600582.SH,天地科技,3,,,
2026-09-11,000537.SZ,绿发电力,3,,,
2026-09-11,000863.SZ,三湘印象,3,,,
2026-09-11,002591.SZ,恒大高新,3,,,
2026-09-11,600578.SH,京能电力,3,,,
2026-09-11,600303.SH,曙光股份,3,,,
2026-09-11,002451.SZ,摩恩电气,3,,,
2026-09-11,002918.SZ,蒙娜丽莎,3,2026-09-14,1,2026-09-14
2026-09-11,002434.SZ,万里扬,3,,,
2026-09-11,601991.SH,大唐发电,3,,,
2026-09-11,603106.SH,恒银科技,3,,,
2026-09-11,600764.SH,中国海防,3,,,
2026-09-11,002643.SZ,万润股份,3,,,
2026-09-11,002552.SZ,宝鼎科技,3,,,
2026-09-11,003037.SZ,三和管桩,3,,,
2026-09-11,002692.SZ,远程股份,3,,,
2026-09-11,600396.SH,华电辽能,3,,,
2026-09-11,000539.SZ,粤电力A,3,,,
2026-09-11,600249.SH,两面针,3,,,
2026-09-11,603389.SH,亚振家居,3,,,
2026-09-11,603657.SH,春光科技,3,2026-09-14,1,2026-09-14
2026-09-11,002481.SZ,双塔食品,3,,,
2026-09-11,002600.SZ,领益智造,3,,,
2026-09-11,600710.SH,苏美达,3,,,
2026-09-11,600789.SH,鲁抗医药,3,,,
2026-09-11,002310.SZ,东方新能,3,,,
2026-09-11,000021.SZ,深科技,3,,,
2026-09-11,001215.SZ,千味央厨,3,,,
2026-09-11,000767.SZ,晋控电力,3,,,
2026-09-11,002132.SZ,恒星科技,3,,,
2026-09-11,603053.SH,成都燃气,3,,,
2026-09-11,603093.SH,南华期货,3,,,
2026-09-11,601061.SH,中信金属,3,,,
2026-09-11,603214.SH,爱婴室,3,,,
2026-09-11,603066.SH,音飞储存,3,,,
2026-09-11,002121.SZ,科陆电子,3,,,
2026-09-11,001368.SZ,通达创智,3,,,
2026-09-11,605567.SH,春雪食品,3,,,
2026-09-11,601008.SH,连云港,3,,,
2026-09-11,000586.SZ,汇源通信,3,,,
2026-09-11,000923.SZ,河钢资源,3,,,
2026-09-11,002910.SZ,庄园牧场,3,,,
2026-09-11,000737.SZ,北方铜业,3,,,
2026-09-11,002442.SZ,龙星科技,3,2026-09-16,3,2026-09-16
2026-09-11,002913.SZ,奥士康,3,2026-09-16,3,2026-09-16
2026-09-11,003033.SZ,征和工业,3,,,
2026-09-11,600776.SH,东方通信,3,,,
2026-09-11,001280.SZ,中国铀业,3,,,
2026-09-11,003006.SZ,百亚股份,3,,,
2026-09-11,001205.SZ,盛航股份,3,,,
2026-09-11,002593.SZ,日上集团,3,,,
2026-09-11,601611.SH,中国核建,3,,,
2026-09-11,601022.SH,宁波远洋,3,,,
2026-09-11,600824.SH,益民集团,3,,,
2026-09-11,000690.SZ,宝新能源,3,,,
2026-09-11,000988.SZ,华工科技,3,,,
2026-09-11,002953.SZ,日丰股份,3,,,
2026-09-11,601126.SH,四方股份,3,,,
2026-09-11,603128.SH,华贸物流,3,,,
2026-09-11,000088.SZ,盐田港,3,,,
2026-09-11,600191.SH,华资实业,3,,,
2026-09-11,600348.SH,华阳股份,3,,,
2026-09-11,600217.SH,中再资环,3,,,
2026-09-11,603285.SH,键邦股份,3,2026-09-14,1,2026-09-14
2026-09-11,600855.SH,航天长峰,3,,,
2026-09-11,002597.SZ,金禾实业,3,,,
2026-09-11,001338.SZ,永顺泰,3,,,
2026-09-11,600875.SH,东方电气,3,,,
2026-09-11,000915.SZ,华特达因,3,,,
2026-09-11,603663.SH,三祥新材,3,,,
2026-09-11,002753.SZ,永东股份,3,,,
2026-09-11,600798.SH,宁波海运,3,,,
2026-09-11,603051.SH,鹿山新材,3,,,
2026-09-11,000507.SZ,珠海港,3,,,
2026-09-11,600841.SH,动力新科,3,,,
2026-09-11,001201.SZ,东瑞股份,3,,,
2026-09-11,603005.SH,晶方科技,3,,,
2026-09-11,605151.SH,西上海,3,,,
2026-09-11,002258.SZ,利尔化学,3,,,
2026-09-11,002532.SZ,天山铝业,3,,,
2026-09-11,002652.SZ,扬子新材,3,,,
2026-09-11,600590.SH,泰豪科技,3,,,
2026-09-11,002267.SZ,陕天然气,3,,,
2026-09-11,002171.SZ,楚江新材,3,,,
2026-09-11,605222.SH,起帆电缆,3,,,
2026-09-11,002448.SZ,中原内配,3,,,
2026-09-11,603615.SH,茶花股份,3,,,
2026-09-11,600569.SH,安阳钢铁,3,,,
2026-09-11,603928.SH,兴业股份,3,,,
2026-09-11,002915.SZ,中欣氟材,3,,,
2026-09-11,601568.SH,北元化工,3,,,
2026-09-11,000869.SZ,张裕A,3,,,
2026-09-11,000655.SZ,金岭矿业,3,,,
2026-09-11,002099.SZ,海翔药业,3,,,
2026-09-11,000933.SZ,神火股份,3,,,
2026-09-11,600467.SH,好当家,3,,,
2026-09-11,002795.SZ,永和智控,3,,,
2026-09-11,600011.SH,华能国际,3,,,
2026-09-11,603222.SH,济民健康,3,,,
2026-09-11,002819.SZ,东方中科,3,,,
2026-09-11,603527.SH,众源新材,3,,,
2026-09-11,000789.SZ,万年青,3,,,
2026-09-11,002516.SZ,旷达科技,3,,,
2026-09-11,603321.SH,梅轮电梯,3,,,
2026-09-11,603888.SH,新华网,3,,,
2026-09-11,002370.SZ,亚太药业,3,,,
2026-09-11,002224.SZ,三力士,3,,,
2026-09-11,000516.SZ,国际医学,3,,,
2026-09-11,003002.SZ,壶化股份,3,,,
2026-09-11,002713.SZ,东易日盛,3,,,
2026-09-11,603331.SH,百达精工,3,,,
2026-09-11,002166.SZ,莱茵生物,3,,,
2026-09-11,600935.SH,华塑股份,3,,,
2026-09-11,002728.SZ,特一药业,3,,,
2026-09-11,603779.SH,威龙股份,3,,,
2026-09-11,600161.SH,天坛生物,3,,,
2026-09-11,000822.SZ,山东海化,3,,,
2026-09-11,603153.SH,上海建科,3,,,
2026-09-11,002792.SZ,通宇通讯,3,,,
2026-09-11,600777.SH,新潮能源,3,,,
2026-09-11,600579.SH,中化装备,3,,,
2026-09-11,000778.SZ,新兴铸管,3,,,
2026-09-11,600113.SH,浙江东,3,,,
2026-09-11,002053.SZ,云南能投,3,,,
2026-09-11,000953.SZ,中哲精化,3,,,
2026-09-11,600518.SH,康美药业,3,,,
2026-09-11,600470.SH,六国化工,3,,,
2026-09-11,600822.SH,上海物贸,3,,,
2026-09-11,601005.SH,重庆钢铁,3,,,
2026-09-11,002562.SZ,兄弟科技,3,,,
2026-09-11,600097.SH,开创国际,3,,,
2026-09-11,002324.SZ,普利特,3,,,
2026-09-11,002788.SZ,鹭燕医药,3,,,
2026-09-11,601618.SH,中国中冶,3,,,
2026-09-11,601858.SH,中国科传,3,,,
2026-09-11,000902.SZ,新洋丰,3,,,
2026-09-11,603997.SH,继峰股份,3,,,
2026-09-11,603120.SH,肯特催化,3,,,
2026-09-11,603600.SH,永艺股份,3,,,
2026-09-11,002529.SZ,海源复材,3,,,
2026-09-11,600866.SH,星湖科技,3,,,
2026-09-11,600389.SH,江山股份,3,,,
2026-09-11,603639.SH,海利尔,3,,,
2026-09-11,603000.SH,人民网,3,,,
2026-09-11,001324.SZ,长青科技,3,,,
2026-09-11,000528.SZ,柳工,3,,,
2026-09-11,600372.SH,中航机载,3,,,
2026-09-11,002637.SZ,赞宇科技,3,,,
2026-09-11,603212.SH,赛伍技术,3,,,
2026-09-11,002588.SZ,史丹利,3,,,
2026-09-11,002116.SZ,中国海诚,3,,,
2026-09-11,002962.SZ,五方光电,3,,,
2026-09-11,600362.SH,江西铜业,3,,,
2026-09-11,600165.SH,宁科生物,3,,,
2026-09-11,600399.SH,抚顺特钢,3,,,
2026-09-11,000525.SZ,红太阳,3,,,
2026-09-11,000422.SZ,湖北宜化,3,,,
2026-09-11,603578.SH,三星新材,3,,,
2026-09-11,002749.SZ,国光股份,3,,,
2026-09-11,603335.SH,迪生力,3,,,
2026-09-11,600356.SH,恒丰纸业,3,,,
2026-09-11,000856.SZ,冀东装备,3,,,
2026-09-11,603096.SH,新经典,3,,,
2026-09-11,000756.SZ,新华制药,3,,,
2026-09-11,605300.SH,佳禾食品,3,,,
2026-09-11,002567.SZ,唐人神,3,,,
2026-09-11,603536.SH,惠发食品,3,,,
2026-09-11,000430.SZ,张家界,3,,,
2026-09-11,002970.SZ,锐明技术,3,,,
2026-09-11,002561.SZ,徐家汇,3,,,
2026-09-11,002006.SZ,精工科技,3,,,
2026-09-11,603418.SH,友升股份,3,,,
2026-09-11,603030.SH,全筑股份,3,,,
2026-09-11,603609.SH,禾丰股份,3,,,
2026-09-11,000417.SZ,合百集团,3,,,
2026-09-11,000504.SZ,南华生物,3,,,
2026-09-11,600814.SH,杭州解百,3,,,
2026-09-11,002571.SZ,德力股份,3,,,
2026-09-11,600380.SH,健康元,3,,,
2026-09-11,002985.SZ,北摩高科,3,,,
2026-09-11,002086.SZ,东方海洋,3,,,
2026-09-11,002885.SZ,京泉华,3,,,
2026-09-11,603289.SH,泰瑞机器,3,,,
2026-09-11,600308.SH,华泰股份,3,,,
2026-09-11,603773.SH,沃格光电,3,,,
2026-09-11,000880.SZ,潍柴重机,3,,,
2026-09-11,001210.SZ,金房能源,3,,,
2026-09-11,603458.SH,勘设股份,3,,,
2026-09-11,603713.SH,密尔克卫,3,,,
2026-09-11,002476.SZ,新叶股份,3,,,
2026-09-11,002056.SZ,横店东磁,3,,,
2026-09-11,000812.SZ,陕西金叶,3,2026-09-14,1,2026-09-14
2026-09-11,605388.SH,均瑶健康,3,,,
2026-09-11,603655.SH,朗博科技,3,,,
2026-09-11,002730.SZ,电光科技,3,2026-09-16,3,2026-09-16
2026-09-11,002472.SZ,双环传动,3,,,
2026-09-11,002639.SZ,雪人集团,3,,,
2026-09-11,002438.SZ,江苏神通,3,,,
2026-09-11,600616.SH,金枫酒业,3,2026-09-16,3,2026-09-16
2026-09-11,603257.SH,中国瑞林,3,,,
2026-09-11,600150.SH,中国船舶,3,,,
2026-09-11,603161.SH,科华控股,3,,,
2026-09-11,603613.SH,国联股份,3,,,
2026-09-11,603686.SH,福龙马,3,,,
2026-09-11,002537.SZ,海联金汇,3,,,
2026-09-11,002157.SZ,正邦科技,3,,,
2026-09-11,000860.SZ,顺鑫农业,3,,,
2026-09-11,000753.SZ,漳州发展,3,2026-09-16,3,2026-09-16
2026-09-11,002940.SZ,昂利康,3,,,
2026-09-11,002922.SZ,伊戈尔,3,,,
2026-09-11,600388.SH,紫金龙净,3,,,
2026-09-11,000400.SZ,许继电气,3,,,
2026-09-11,600629.SH,华建集团,3,,,
2026-09-11,603230.SH,内蒙新华,3,2026-09-16,3,2026-09-16
2026-09-11,600148.SH,长春一东,3,,,
2026-09-11,600685.SH,中船防务,3,,,
2026-09-11,603363.SH,傲农生物,3,,,
2026-09-11,600538.SH,国发股份,3,,,
2026-09-11,603067.SH,振华股份,3,,,
2026-09-11,603444.SH,吉比特,3,,,
2026-09-11,002608.SZ,江苏国信,3,,,
2026-09-11,600072.SH,中船科技,3,,,
2026-09-11,000905.SZ,厦门港务,3,,,
2026-09-11,002678.SZ,珠江钢琴,3,,,
2026-09-11,600601.SH,方正科技,3,,,
2026-09-11,603322.SH,超讯科技,3,,,
2026-09-11,002186.SZ,全聚德,3,,,
2026-09-11,603341.SH,龙旗科技,3,,,
2026-09-11,001208.SZ,华菱线缆,3,,,
2026-09-11,600312.SH,平高电气,3,,,
2026-09-11,600819.SH,耀皮玻璃,3,,,
2026-09-11,002658.SZ,雪迪龙,3,,,
2026-09-11,002299.SZ,圣农发展,3,,,
2026-09-11,603477.SH,巨星农牧,3,,,
2026-09-11,002037.SZ,保利联合,3,,,
2026-09-11,603991.SH,领先股份,3,,,
2026-09-11,002982.SZ,湘佳股份,3,,,
2026-09-11,002602.SZ,世纪华通,3,,,
2026-09-11,000420.SZ,吉林化纤,3,,,
2026-09-11,002654.SZ,万润科技,3,,,
2026-09-11,601619.SH,嘉泽新能,3,,,
2026-09-11,603798.SH,康普顿,3,,,
2026-09-11,002548.SZ,金新农,3,,,
2026-09-11,000547.SZ,航天发展,3,,,
2026-09-11,000058.SZ,深赛格,3,,,
2026-09-11,002163.SZ,海南发展,3,,,
2026-09-11,603069.SH,海汽集团,3,,,
2026-09-11,000529.SZ,广弘控股,3,,,
2026-09-11,600548.SH,深高速,3,,,
2026-09-11,605296.SH,神农集团,3,,,
2026-09-11,600295.SH,鄂尔多斯,3,,,
2026-09-11,600570.SH,恒生电子,3,,,
2026-09-11,603031.SH,安孚科技,3,,,
2026-09-11,603183.SH,建研院,3,,,
2026-09-11,600897.SH,厦门空港,3,,,
2026-09-11,001360.SZ,南矿集团,3,,,
2026-09-11,002100.SZ,天康生物,3,,,
2026-09-11,603383.SH,顶点软件,3,,,
2026-09-11,600809.SH,山西汾酒,3,,,
2026-09-11,002104.SZ,恒宝股份,3,,,
2026-09-11,002253.SZ,川大智胜,3,,,
2026-09-11,603193.SH,润本股份,3,,,
2026-09-11,600559.SH,老白干酒,3,,,
2026-09-11,600550.SH,保变电气,3,,,
2026-09-11,002706.SZ,良信股份,3,,,
2026-09-11,600519.SH,贵州茅台,3,,,
2026-09-11,002624.SZ,完美世界,3,,,
2026-09-11,002177.SZ,御银股份,3,,,
2026-09-11,603817.SH,海峡环保,3,,,
2026-09-11,600418.SH,江淮汽车,3,,,
2026-09-11,002967.SZ,广电计量,3,,,
2026-09-11,600830.SH,香溢融通,3,,,
2026-09-11,002196.SZ,方正电机,3,,,
2026-09-11,600828.SH,茂业商业,3,,,
2026-09-11,605299.SH,舒华体育,3,,,
2026-09-11,601566.SH,九牧王,3,,,
2026-09-11,002761.SZ,浙江建投,3,,,
2026-09-11,002778.SZ,中晟高科,3,,,
2026-09-11,000520.SZ,凤凰航运,3,,,
2026-09-11,002031.SZ,巨轮智能,3,,,
2026-09-11,002553.SZ,南方精工,3,,,
2026-09-11,002796.SZ,世嘉科技,3,,,
2026-09-11,600336.SH,澳柯玛,3,,,
2026-09-11,600358.SH,国旅联合,3,,,
2026-09-11,002846.SZ,英联股份,3,2026-09-15,2,2026-09-15;2026-09-16
2026-09-11,000929.SZ,兰州黄河,3,,,
2026-09-11,600749.SH,西藏旅游,3,,,
2026-09-11,000530.SZ,冰山冷热,3,,,
2026-09-11,603375.SH,盛景微,3,,,
2026-09-11,002811.SZ,郑中设计,3,,,
2026-09-11,605369.SH,拱东医疗,3,,,
2026-09-11,002249.SZ,大洋电机,3,,,
2026-09-11,600885.SH,宏发股份,3,,,
2026-09-11,001279.SZ,强邦新材,3,,,
2026-09-11,001696.SZ,宗申动力,3,,,
2026-09-11,002406.SZ,远东传动,3,,,
2026-09-11,600027.SH,华电国际,3,,,
2026-09-11,603767.SH,中马传动,3,,,
2026-09-11,600650.SH,锦江在线,3,,,
2026-09-11,603191.SH,望变电气,3,,,
2026-09-11,603960.SH,克来机电,3,,,
2026-09-11,002471.SZ,中超控股,3,,,
2026-09-11,605118.SH,力鼎光电,3,,,
2026-09-11,603223.SH,恒通股份,3,,,
2026-09-11,600228.SH,返利科技,3,2026-09-14,1,2026-09-14
2026-09-11,002879.SZ,长缆科技,3,,,
2026-09-11,603983.SH,丸美生物,3,,,
2026-09-11,603978.SH,深圳新星,3,,,
2026-09-11,603665.SH,康隆达,3,,,
2026-09-11,000501.SZ,武商集团,3,,,
2026-09-11,002825.SZ,纳尔股份,3,,,
2026-09-11,605399.SH,晨光新材,3,,,
2026-09-11,603380.SH,易德龙,3,,,
2026-09-11,600026.SH,中远海能,3,,,
2026-09-11,001382.SZ,新亚电缆,3,,,
2026-09-11,600156.SH,华升股份,3,,,
2026-09-11,601985.SH,中国核电,3,,,
2026-09-11,002158.SZ,汉钟精机,3,,,
2026-09-14,600609.SH,金杯汽车,2,,,
2026-09-14,002339.SZ,积成电子,2,,,
2026-09-14,000726.SZ,鲁泰A,2,,,
2026-09-14,002362.SZ,汉王科技,2,2026-09-15,1,2026-09-15
2026-09-14,601279.SH,英利汽车,2,,,
2026-09-14,002876.SZ,三利谱,2,,,
2026-09-14,002268.SZ,电科网安,2,,,
2026-09-14,002487.SZ,大金重工,2,2026-09-15,1,2026-09-15
2026-09-14,002439.SZ,启明星辰,2,,,
2026-09-14,003028.SZ,振邦智能,2,,,
2026-09-14,603661.SH,恒林股份,2,,,
2026-09-14,002565.SZ,顺灏股份,2,,,
2026-09-14,600742.SH,富维股份,2,,,
2026-09-14,002561.SZ,徐家汇,2,,,
2026-09-14,002279.SZ,久其软件,2,,,
2026-09-14,002139.SZ,拓邦股份,2,,,
2026-09-14,603982.SH,泉峰汽车,2,,,
2026-09-14,603291.SH,联合水务,2,,,
2026-09-14,000800.SZ,一汽解放,2,,,
2026-09-14,600738.SH,丽尚国,2,,,
2026-09-14,600163.SH,中闽能源,2,2026-09-15,1,2026-09-15
2026-09-14,603232.SH,格尔软件,2,,,
2026-09-14,600798.SH,宁波海运,2,,,
2026-09-14,603344.SH,星德胜,2,,,
2026-09-14,002134.SZ,天津普林,2,,,
2026-09-14,603683.SH,晶华新材,2,,,
2026-09-14,600654.SH,中安科,2,,,
2026-09-14,002753.SZ,永东股份,2,,,
2026-09-14,603267.SH,鸿远电子,2,,,
2026-09-14,603051.SH,鹿山新材,2,,,
2026-09-14,601360.SH,三六零,2,,,
2026-09-14,603966.SH,法兰泰克,2,,,
2026-09-14,603677.SH,奇精机械,2,,,
2026-09-14,600545.SH,卓郎智能,2,2026-09-16,2,2026-09-16
2026-09-14,002462.SZ,嘉事堂,2,,,
2026-09-14,001228.SZ,永泰运,2,,,
2026-09-14,605167.SH,利柏特,2,,,
2026-09-14,002866.SZ,传艺科技,2,,,
2026-09-14,002745.SZ,木林森,2,,,
2026-09-14,001378.SZ,德冠新材,2,2026-09-16,2,2026-09-16
2026-09-14,002344.SZ,海宁皮城,2,,,
2026-09-14,002859.SZ,洁美科技,2,,,
2026-09-14,002394.SZ,联发股份,2,,,
2026-09-14,603261.SH,立航科技,2,,,
2026-09-14,603868.SH,飞科电器,2,,,
2026-09-14,600021.SH,上海电力,2,,,
2026-09-14,002106.SZ,莱宝高科,2,,,
2026-09-14,600375.SH,汉马科技,2,,,
2026-09-14,001312.SZ,福恩股份,2,,,
2026-09-14,002099.SZ,海翔药业,2,,,
2026-09-14,603489.SH,八方股份,2,,,
2026-09-14,603766.SH,隆鑫通用,2,,,
2026-09-14,603435.SH,嘉德利,2,,,
2026-09-14,600960.SH,渤海汽车,2,,,
2026-09-14,002191.SZ,劲嘉股份,2,,,
2026-09-14,000625.SZ,长安汽车,2,,,
2026-09-14,002296.SZ,辉煌科技,2,,,
2026-09-14,001319.SZ,铭科精技,2,,,
2026-09-14,600032.SH,浙江新能,2,,,
2026-09-14,600682.SH,南京新百,2,,,
2026-09-14,601218.SH,吉鑫科技,2,2026-09-15,1,2026-09-15
2026-09-14,000151.SZ,中成股份,2,,,
2026-09-14,002735.SZ,王子新材,2,,,
2026-09-14,601112.SH,振石股份,2,,,
2026-09-14,600706.SH,曲江文旅,2,,,
2026-09-14,600104.SH,上汽集团,2,,,
2026-09-14,603226.SH,菲林格尔,2,,,
2026-09-14,002508.SZ,老板电器,2,,,
2026-09-14,600982.SH,宁波能源,2,,,
2026-09-14,002613.SZ,北玻股份,2,,,
2026-09-14,600310.SH,广西能源,2,,,
2026-09-14,002108.SZ,沧州明珠,2,,,
2026-09-14,003013.SZ,地铁设计,2,,,
2026-09-14,002088.SZ,鲁阳节能,2,,,
2026-09-14,002413.SZ,雷科防务,2,,,
2026-09-14,600979.SH,广安爱众,2,,,
2026-09-14,000921.SZ,海信家电,2,,,
2026-09-14,003035.SZ,南网能源,2,,,
2026-09-14,000862.SZ,银星能源,2,,,
2026-09-14,600468.SH,百利电气,2,,,
2026-09-14,600293.SH,三峡新材,2,,,
2026-09-14,603678.SH,火炬电子,2,,,
2026-09-14,000720.SZ,新能泰山,2,2026-09-16,2,2026-09-16
2026-09-14,002510.SZ,天汽模,2,,,
2026-09-14,002130.SZ,沃尔核材,2,,,
2026-09-14,600198.SH,大唐电信,2,,,
2026-09-14,002617.SZ,露笑科技,2,2026-09-16,2,2026-09-16
2026-09-14,603606.SH,东方电缆,2,,,
2026-09-14,003007.SZ,直真科技,2,,,
2026-09-14,001388.SZ,信通电子,2,,,
2026-09-14,603196.SH,璞源材料,2,,,
2026-09-14,600360.SH,华微电子,2,,,
2026-09-14,600100.SH,同方股份,2,,,
2026-09-14,000791.SZ,甘肃能源,2,,,
2026-09-14,001390.SZ,古麒绒材,2,,,
2026-09-14,002973.SZ,侨银股份,2,,,
2026-09-14,000531.SZ,穗恒运A,2,,,
2026-09-14,002202.SZ,金风科技,2,,,
2026-09-14,603205.SH,健尔康,2,,,
2026-09-14,002039.SZ,黔源电力,2,,,
2026-09-14,603218.SH,日月股份,2,,,
2026-09-14,603376.SH,大明电子,2,,,
2026-09-14,000012.SZ,南玻A,2,,,
2026-09-14,600812.SH,华北制药,2,,,
2026-09-14,600101.SH,明星电力,2,,,
2026-09-14,003029.SZ,吉大正元,2,,,
2026-09-14,600505.SH,西昌电力,2,,,
2026-09-14,600864.SH,哈投股份,2,,,
2026-09-14,000889.SZ,中嘉博创,2,,,
2026-09-14,002140.SZ,东华科技,2,,,
2026-09-14,000899.SZ,赣能股份,2,,,
2026-09-14,002596.SZ,海南瑞泽,2,,,
2026-09-14,000037.SZ,深南电A,2,,,
2026-09-14,600917.SH,重庆燃气,2,,,
2026-09-14,600726.SH,华电能源,2,,,
2026-09-14,000810.SZ,创维数字,2,,,
2026-09-14,600343.SH,航天动力,2,,,
2026-09-14,000601.SZ,韶能股份,2,,,
2026-09-14,603366.SH,日出东方,2,,,
2026-09-14,600582.SH,天地科技,2,,,
2026-09-14,000537.SZ,绿发电力,2,,,
2026-09-14,000863.SZ,三湘印象,2,,,
2026-09-14,002591.SZ,恒大高新,2,,,
2026-09-14,600578.SH,京能电力,2,,,
2026-09-14,600303.SH,曙光股份,2,,,
2026-09-14,002451.SZ,摩恩电气,2,,,
2026-09-14,002434.SZ,万里扬,2,,,
2026-09-14,601991.SH,大唐发电,2,,,
2026-09-14,603106.SH,恒银科技,2,,,
2026-09-14,600764.SH,中国海防,2,,,
2026-09-14,002643.SZ,万润股份,2,,,
2026-09-14,002552.SZ,宝鼎科技,2,,,
2026-09-14,003037.SZ,三和管桩,2,,,
2026-09-14,002692.SZ,远程股份,2,,,
2026-09-14,600396.SH,华电辽能,2,,,
2026-09-14,000539.SZ,粤电力A,2,,,
2026-09-14,600249.SH,两面针,2,,,
2026-09-14,603389.SH,亚振家居,2,,,
2026-09-14,002481.SZ,双塔食品,2,,,
2026-09-14,002600.SZ,领益智造,2,,,
2026-09-14,600710.SH,苏美达,2,,,
2026-09-14,600789.SH,鲁抗医药,2,,,
2026-09-14,002310.SZ,东方新能,2,,,
2026-09-14,000021.SZ,深科技,2,,,
2026-09-14,001215.SZ,千味央厨,2,,,
2026-09-14,000767.SZ,晋控电力,2,,,
2026-09-14,002132.SZ,恒星科技,2,,,
2026-09-14,603053.SH,成都燃气,2,,,
2026-09-14,603093.SH,南华期货,2,,,
2026-09-14,601061.SH,中信金属,2,,,
2026-09-14,603214.SH,爱婴室,2,,,
2026-09-14,603066.SH,音飞储存,2,,,
2026-09-14,002121.SZ,科陆电子,2,,,
2026-09-14,001368.SZ,通达创智,2,,,
2026-09-14,605567.SH,春雪食品,2,,,
2026-09-14,601008.SH,连云港,2,,,
2026-09-14,000586.SZ,汇源通信,2,,,
2026-09-14,000923.SZ,河钢资源,2,,,
2026-09-14,002910.SZ,庄园牧场,2,,,
2026-09-14,000737.SZ,北方铜业,2,,,
2026-09-14,002442.SZ,龙星科技,2,2026-09-16,2,2026-09-16
2026-09-14,002913.SZ,奥士康,2,2026-09-16,2,2026-09-16
2026-09-14,003033.SZ,征和工业,2,,,
2026-09-14,001280.SZ,中国铀业,2,,,
2026-09-14,003006.SZ,百亚股份,2,,,
2026-09-14,001205.SZ,盛航股份,2,,,
2026-09-14,002593.SZ,日上集团,2,,,
2026-09-14,601611.SH,中国核建,2,,,
2026-09-14,601022.SH,宁波远洋,2,,,
2026-09-14,600824.SH,益民集团,2,,,
2026-09-14,000690.SZ,宝新能源,2,,,
2026-09-14,000988.SZ,华工科技,2,,,
2026-09-14,002953.SZ,日丰股份,2,,,
2026-09-14,601126.SH,四方股份,2,,,
2026-09-14,603128.SH,华贸物流,2,,,
2026-09-14,000088.SZ,盐田港,2,,,
2026-09-14,600191.SH,华资实业,2,,,
2026-09-14,600348.SH,华阳股份,2,,,
2026-09-14,600217.SH,中再资环,2,,,
2026-09-14,600855.SH,航天长峰,2,,,
2026-09-14,002597.SZ,金禾实业,2,,,
2026-09-14,001338.SZ,永顺泰,2,,,
2026-09-14,600875.SH,东方电气,2,,,
2026-09-14,000915.SZ,华特达因,2,,,
2026-09-14,603663.SH,三祥新材,2,,,
2026-09-14,000507.SZ,珠海港,2,,,
2026-09-14,600776.SH,东方通信,2,,,
2026-09-14,600841.SH,动力新科,2,,,
2026-09-14,001201.SZ,东瑞股份,2,,,
2026-09-14,603005.SH,晶方科技,2,,,
2026-09-14,605151.SH,西上海,2,,,
2026-09-14,002258.SZ,利尔化学,2,,,
2026-09-14,002532.SZ,天山铝业,2,,,
2026-09-14,002652.SZ,扬子新材,2,,,
2026-09-14,600590.SH,泰豪科技,2,,,
2026-09-14,002267.SZ,陕天然气,2,,,
2026-09-14,605222.SH,起帆电缆,2,,,
2026-09-14,002448.SZ,中原内配,2,,,
2026-09-14,603615.SH,茶花股份,2,,,
2026-09-14,600569.SH,安阳钢铁,2,,,
2026-09-14,603928.SH,兴业股份,2,,,
2026-09-14,002915.SZ,中欣氟材,2,,,
2026-09-14,601568.SH,北元化工,2,,,
2026-09-14,000869.SZ,张裕A,2,,,
2026-09-14,000655.SZ,金岭矿业,2,,,
2026-09-14,002171.SZ,楚江新材,2,,,
2026-09-14,000933.SZ,神火股份,2,,,
2026-09-14,600467.SH,好当家,2,,,
2026-09-14,002795.SZ,永和智控,2,,,
2026-09-14,600011.SH,华能国际,2,,,
2026-09-14,603222.SH,济民健康,2,,,
2026-09-14,002819.SZ,东方中科,2,,,
2026-09-14,603527.SH,众源新材,2,,,
2026-09-14,000789.SZ,万年青,2,,,
2026-09-14,002516.SZ,旷达科技,2,,,
2026-09-14,603321.SH,梅轮电梯,2,,,
2026-09-14,603888.SH,新华网,2,,,
2026-09-14,002370.SZ,亚太药业,2,,,
2026-09-14,002224.SZ,三力士,2,,,
2026-09-14,000516.SZ,国际医学,2,,,
2026-09-14,003002.SZ,壶化股份,2,,,
2026-09-14,002713.SZ,东易日盛,2,,,
2026-09-14,603331.SH,百达精工,2,,,
2026-09-14,002166.SZ,莱茵生物,2,,,
2026-09-14,600935.SH,华塑股份,2,,,
2026-09-14,002728.SZ,特一药业,2,,,
2026-09-14,603779.SH,威龙股份,2,,,
2026-09-14,600161.SH,天坛生物,2,,,
2026-09-14,000822.SZ,山东海化,2,,,
2026-09-14,603153.SH,上海建科,2,,,
2026-09-14,002792.SZ,通宇通讯,2,,,
2026-09-14,600777.SH,新潮能源,2,,,
2026-09-14,600579.SH,中化装备,2,,,
2026-09-14,000778.SZ,新兴铸管,2,,,
2026-09-14,600113.SH,浙江东,2,,,
2026-09-14,002053.SZ,云南能投,2,,,
2026-09-14,000953.SZ,中哲精化,2,,,
2026-09-14,600518.SH,康美药业,2,,,
2026-09-14,600470.SH,六国化工,2,,,
2026-09-14,600822.SH,上海物贸,2,,,
2026-09-14,601005.SH,重庆钢铁,2,,,
2026-09-14,002562.SZ,兄弟科技,2,,,
2026-09-14,600097.SH,开创国际,2,,,
2026-09-14,002324.SZ,普利特,2,,,
2026-09-14,002788.SZ,鹭燕医药,2,,,
2026-09-14,601618.SH,中国中冶,2,,,
2026-09-14,601858.SH,中国科传,2,,,
2026-09-14,000902.SZ,新洋丰,2,,,
2026-09-14,603997.SH,继峰股份,2,,,
2026-09-14,603120.SH,肯特催化,2,,,
2026-09-14,603600.SH,永艺股份,2,,,
2026-09-14,002529.SZ,海源复材,2,,,
2026-09-14,600866.SH,星湖科技,2,,,
2026-09-14,600389.SH,江山股份,2,,,
2026-09-14,603639.SH,海利尔,2,,,
2026-09-14,603000.SH,人民网,2,,,
2026-09-14,001324.SZ,长青科技,2,,,
2026-09-14,000528.SZ,柳工,2,,,
2026-09-14,600372.SH,中航机载,2,,,
2026-09-14,002637.SZ,赞宇科技,2,,,
2026-09-14,603212.SH,赛伍技术,2,,,
2026-09-14,002588.SZ,史丹利,2,,,
2026-09-14,002116.SZ,中国海诚,2,,,
2026-09-14,002962.SZ,五方光电,2,,,
2026-09-14,600362.SH,江西铜业,2,,,
2026-09-14,600165.SH,宁科生物,2,,,
2026-09-14,600399.SH,抚顺特钢,2,,,
2026-09-14,000525.SZ,红太阳,2,,,
2026-09-14,000422.SZ,湖北宜化,2,,,
2026-09-14,603578.SH,三星新材,2,,,
2026-09-14,002749.SZ,国光股份,2,,,
2026-09-14,603335.SH,迪生力,2,,,
2026-09-14,600356.SH,恒丰纸业,2,,,
2026-09-14,000856.SZ,冀东装备,2,,,
2026-09-14,603096.SH,新经典,2,,,
2026-09-14,000756.SZ,新华制药,2,,,
2026-09-14,605300.SH,佳禾食品,2,,,
2026-09-14,002567.SZ,唐人神,2,,,
2026-09-14,603536.SH,惠发食品,2,,,
2026-09-14,002970.SZ,锐明技术,2,,,
2026-09-14,002006.SZ,精工科技,2,,,
2026-09-14,603418.SH,友升股份,2,,,
2026-09-14,603030.SH,全筑股份,2,,,
2026-09-14,000813.SZ,德展健康,2,,,
2026-09-14,603609.SH,禾丰股份,2,,,
2026-09-14,000417.SZ,合百集团,2,,,
2026-09-14,000504.SZ,南华生物,2,,,
2026-09-14,600814.SH,杭州解百,2,,,
2026-09-14,002571.SZ,德力股份,2,,,
2026-09-14,600380.SH,健康元,2,,,
2026-09-14,002985.SZ,北摩高科,2,,,
2026-09-14,002086.SZ,东方海洋,2,,,
2026-09-14,002885.SZ,京泉华,2,,,
2026-09-14,603289.SH,泰瑞机器,2,,,
2026-09-14,600308.SH,华泰股份,2,,,
2026-09-14,603773.SH,沃格光电,2,,,
2026-09-14,000880.SZ,潍柴重机,2,,,
2026-09-14,001210.SZ,金房能源,2,,,
2026-09-14,603458.SH,勘设股份,2,,,
2026-09-14,603713.SH,密尔克卫,2,,,
2026-09-14,002476.SZ,新叶股份,2,,,
2026-09-14,000430.SZ,张家界,2,,,
2026-09-14,002056.SZ,横店东磁,2,,,
2026-09-14,605388.SH,均瑶健康,2,,,
2026-09-14,603655.SH,朗博科技,2,,,
2026-09-14,002730.SZ,电光科技,2,2026-09-16,2,2026-09-16
2026-09-14,603138.SH,海量数据,2,,,
2026-09-14,002472.SZ,双环传动,2,,,
2026-09-14,002438.SZ,江苏神通,2,,,
2026-09-14,600616.SH,金枫酒业,2,2026-09-16,2,2026-09-16
2026-09-14,603257.SH,中国瑞林,2,,,
2026-09-14,600150.SH,中国船舶,2,,,
2026-09-14,603161.SH,科华控股,2,,,
2026-09-14,600185.SH,珠免集团,2,,,
2026-09-14,603613.SH,国联股份,2,,,
2026-09-14,603686.SH,福龙马,2,,,
2026-09-14,002537.SZ,海联金汇,2,,,
2026-09-14,002157.SZ,正邦科技,2,,,
2026-09-14,000860.SZ,顺鑫农业,2,,,
2026-09-14,000753.SZ,漳州发展,2,2026-09-16,2,2026-09-16
2026-09-14,002940.SZ,昂利康,2,,,
2026-09-14,002922.SZ,伊戈尔,2,,,
2026-09-14,600388.SH,紫金龙净,2,,,
2026-09-14,000400.SZ,许继电气,2,,,
2026-09-14,600629.SH,华建集团,2,,,
2026-09-14,603230.SH,内蒙新华,2,2026-09-16,2,2026-09-16
2026-09-14,600148.SH,长春一东,2,,,
2026-09-14,600685.SH,中船防务,2,,,
2026-09-14,603363.SH,傲农生物,2,,,
2026-09-14,600657.SH,信达地产,2,,,
2026-09-14,600538.SH,国发股份,2,,,
2026-09-14,603067.SH,振华股份,2,,,
2026-09-14,603444.SH,吉比特,2,,,
2026-09-14,002608.SZ,江苏国信,2,,,
2026-09-14,600072.SH,中船科技,2,,,
2026-09-14,000905.SZ,厦门港务,2,,,
2026-09-14,002678.SZ,珠江钢琴,2,,,
2026-09-14,600601.SH,方正科技,2,,,
2026-09-14,603322.SH,超讯科技,2,,,
2026-09-14,002186.SZ,全聚德,2,,,
2026-09-14,603341.SH,龙旗科技,2,,,
2026-09-14,600312.SH,平高电气,2,,,
2026-09-14,600819.SH,耀皮玻璃,2,,,
2026-09-14,002658.SZ,雪迪龙,2,,,
2026-09-14,002299.SZ,圣农发展,2,,,
2026-09-14,002639.SZ,雪人集团,2,,,
2026-09-14,603477.SH,巨星农牧,2,,,
2026-09-14,002037.SZ,保利联合,2,,,
2026-09-14,603991.SH,领先股份,2,,,
2026-09-14,002982.SZ,湘佳股份,2,,,
2026-09-14,002602.SZ,世纪华通,2,,,
2026-09-14,000420.SZ,吉林化纤,2,,,
2026-09-14,002654.SZ,万润科技,2,,,
2026-09-14,601619.SH,嘉泽新能,2,,,
2026-09-14,603798.SH,康普顿,2,,,
2026-09-14,002548.SZ,金新农,2,,,
2026-09-14,001208.SZ,华菱线缆,2,,,
2026-09-14,000547.SZ,航天发展,2,,,
2026-09-14,000058.SZ,深赛格,2,,,
2026-09-14,002163.SZ,海南发展,2,,,
2026-09-14,603069.SH,海汽集团,2,,,
2026-09-14,000529.SZ,广弘控股,2,,,
2026-09-14,603150.SH,万朗磁塑,2,,,
2026-09-14,600548.SH,深高速,2,,,
2026-09-14,605296.SH,神农集团,2,,,
2026-09-14,600295.SH,鄂尔多斯,2,,,
2026-09-14,600570.SH,恒生电子,2,,,
2026-09-14,603031.SH,安孚科技,2,,,
2026-09-14,603183.SH,建研院,2,,,
2026-09-14,600897.SH,厦门空港,2,,,
2026-09-14,001360.SZ,南矿集团,2,,,
2026-09-14,002100.SZ,天康生物,2,,,
2026-09-14,603383.SH,顶点软件,2,,,
2026-09-14,600809.SH,山西汾酒,2,,,
2026-09-14,002104.SZ,恒宝股份,2,,,
2026-09-14,002253.SZ,川大智胜,2,,,
2026-09-14,603193.SH,润本股份,2,,,
2026-09-14,600559.SH,老白干酒,2,,,
2026-09-14,600550.SH,保变电气,2,,,
2026-09-14,002706.SZ,良信股份,2,,,
2026-09-14,600519.SH,贵州茅台,2,,,
2026-09-14,002624.SZ,完美世界,2,,,
2026-09-14,002177.SZ,御银股份,2,,,
2026-09-14,603817.SH,海峡环保,2,,,
2026-09-14,600418.SH,江淮汽车,2,,,
2026-09-14,002967.SZ,广电计量,2,,,
2026-09-15,600666.SH,奥瑞德,1,,,
2026-09-15,603092.SH,德力佳,1,,,
2026-09-15,002876.SZ,三利谱,1,,,
2026-09-15,603232.SH,格尔软件,1,,,
2026-09-15,000409.SZ,云鼎科技,1,,,
2026-09-15,002439.SZ,启明星辰,1,,,
2026-09-15,003001.SZ,中岩大地,1,2026-09-16,1,2026-09-16
2026-09-15,000859.SZ,国风新材,1,,,
2026-09-15,000037.SZ,深南电A,1,,,
2026-09-15,002842.SZ,翔鹭钨业,1,,,
2026-09-15,002378.SZ,章源钨业,1,,,
2026-09-15,603686.SH,福龙马,1,,,
2026-09-15,603507.SH,振江股份,1,,,
2026-09-15,603000.SH,人民网,1,,,
2026-09-15,600579.SH,中化装备,1,,,
2026-09-15,002169.SZ,智光电气,1,,,
2026-09-15,603218.SH,日月股份,1,,,
2026-09-15,603236.SH,移远通信,1,,,
2026-09-15,002927.SZ,泰永长征,1,,,
2026-09-15,605305.SH,中际联合,1,,,
2026-09-15,000657.SZ,中钨高新,1,,,
2026-09-15,600360.SH,华微电子,1,,,
2026-09-15,603637.SH,镇海股份,1,,,
2026-09-15,605155.SH,西大门,1,,,
2026-09-15,001399.SZ,惠科股份,1,,,
2026-09-15,002668.SZ,TCL智家,1,,,
2026-09-15,603496.SH,恒为科技,1,,,
2026-09-15,603435.SH,嘉德利,1,,,
2026-09-15,002741.SZ,光华科技,1,,,
2026-09-15,002025.SZ,航天电器,1,,,
2026-09-15,603206.SH,嘉环科技,1,,,
2026-09-15,601016.SH,节能风电,1,,,
2026-09-15,002223.SZ,鱼跃医疗,1,,,
2026-09-15,603766.SH,隆鑫通用,1,,,
2026-09-15,600549.SH,厦门钨业,1,,,
2026-09-15,002173.SZ,创新医疗,1,,,
2026-09-15,603256.SH,宏和科技,1,,,
2026-09-15,603129.SH,春风动力,1,,,
2026-09-15,600609.SH,金杯汽车,1,,,
2026-09-15,002339.SZ,积成电子,1,,,
2026-09-15,000726.SZ,鲁泰A,1,,,
2026-09-15,601279.SH,英利汽车,1,,,
2026-09-15,002268.SZ,电科网安,1,,,
2026-09-15,003028.SZ,振邦智能,1,,,
2026-09-15,603661.SH,恒林股份,1,,,
2026-09-15,002565.SZ,顺灏股份,1,,,
2026-09-15,600742.SH,富维股份,1,,,
2026-09-15,002561.SZ,徐家汇,1,,,
2026-09-15,002279.SZ,久其软件,1,,,
2026-09-15,002139.SZ,拓邦股份,1,,,
2026-09-15,603982.SH,泉峰汽车,1,,,
2026-09-15,603291.SH,联合水务,1,,,
2026-09-15,000800.SZ,一汽解放,1,,,
2026-09-15,600738.SH,丽尚国,1,,,
2026-09-15,600798.SH,宁波海运,1,,,
2026-09-15,603344.SH,星德胜,1,,,
2026-09-15,002134.SZ,天津普林,1,,,
2026-09-15,603683.SH,晶华新材,1,,,
2026-09-15,600654.SH,中安科,1,,,
2026-09-15,002753.SZ,永东股份,1,,,
2026-09-15,603267.SH,鸿远电子,1,,,
2026-09-15,603051.SH,鹿山新材,1,,,
2026-09-15,601360.SH,三六零,1,,,
2026-09-15,603966.SH,法兰泰克,1,,,
2026-09-15,603677.SH,奇精机械,1,,,
2026-09-15,600545.SH,卓郎智能,1,2026-09-16,1,2026-09-16
2026-09-15,002462.SZ,嘉事堂,1,,,
2026-09-15,001228.SZ,永泰运,1,,,
2026-09-15,605167.SH,利柏特,1,,,
2026-09-15,002866.SZ,传艺科技,1,,,
2026-09-15,002745.SZ,木林森,1,,,
2026-09-15,001378.SZ,德冠新材,1,2026-09-16,1,2026-09-16
2026-09-15,002344.SZ,海宁皮城,1,,,
2026-09-15,002859.SZ,洁美科技,1,,,
2026-09-15,002394.SZ,联发股份,1,,,
2026-09-15,603261.SH,立航科技,1,,,
2026-09-15,603868.SH,飞科电器,1,,,
2026-09-15,600021.SH,上海电力,1,,,
2026-09-15,002106.SZ,莱宝高科,1,,,
2026-09-15,600375.SH,汉马科技,1,,,
2026-09-15,001312.SZ,福恩股份,1,,,
2026-09-15,002099.SZ,海翔药业,1,,,
2026-09-15,603489.SH,八方股份,1,,,
2026-09-15,600960.SH,渤海汽车,1,,,
2026-09-15,002191.SZ,劲嘉股份,1,,,
2026-09-15,000625.SZ,长安汽车,1,,,
2026-09-15,002296.SZ,辉煌科技,1,,,
2026-09-15,001319.SZ,铭科精技,1,,,
2026-09-15,600032.SH,浙江新能,1,,,
2026-09-15,600682.SH,南京新百,1,,,
2026-09-15,000151.SZ,中成股份,1,,,
2026-09-15,002735.SZ,王子新材,1,,,
2026-09-15,601112.SH,振石股份,1,,,
2026-09-15,600706.SH,曲江文旅,1,,,
2026-09-15,600104.SH,上汽集团,1,,,
2026-09-15,603226.SH,菲林格尔,1,,,
2026-09-15,002508.SZ,老板电器,1,,,
2026-09-15,600982.SH,宁波能源,1,,,
2026-09-15,002613.SZ,北玻股份,1,,,
2026-09-15,600310.SH,广西能源,1,,,
2026-09-15,002108.SZ,沧州明珠,1,,,
2026-09-15,003013.SZ,地铁设计,1,,,
2026-09-15,002088.SZ,鲁阳节能,1,,,
2026-09-15,002413.SZ,雷科防务,1,,,
2026-09-15,600979.SH,广安爱众,1,,,
2026-09-15,000921.SZ,海信家电,1,,,
2026-09-15,003035.SZ,南网能源,1,,,
2026-09-15,000862.SZ,银星能源,1,,,
2026-09-15,600468.SH,百利电气,1,,,
2026-09-15,600293.SH,三峡新材,1,,,
2026-09-15,603678.SH,火炬电子,1,,,
2026-09-15,000720.SZ,新能泰山,1,2026-09-16,1,2026-09-16
2026-09-15,002510.SZ,天汽模,1,,,
2026-09-15,002130.SZ,沃尔核材,1,,,
2026-09-15,600198.SH,大唐电信,1,,,
2026-09-15,002617.SZ,露笑科技,1,2026-09-16,1,2026-09-16
2026-09-15,603606.SH,东方电缆,1,,,
2026-09-15,003007.SZ,直真科技,1,,,
2026-09-15,001388.SZ,信通电子,1,,,
2026-09-15,603196.SH,璞源材料,1,,,
2026-09-15,600100.SH,同方股份,1,,,
2026-09-15,000791.SZ,甘肃能源,1,,,
2026-09-15,001390.SZ,古麒绒材,1,,,
2026-09-15,002973.SZ,侨银股份,1,,,
2026-09-15,000531.SZ,穗恒运A,1,,,
2026-09-15,002202.SZ,金风科技,1,,,
2026-09-15,603205.SH,健尔康,1,,,
2026-09-15,002039.SZ,黔源电力,1,,,
2026-09-15,603376.SH,大明电子,1,,,
2026-09-15,000012.SZ,南玻A,1,,,
2026-09-15,600812.SH,华北制药,1,,,
2026-09-15,600101.SH,明星电力,1,,,
2026-09-15,003029.SZ,吉大正元,1,,,
2026-09-15,600505.SH,西昌电力,1,,,
2026-09-15,600864.SH,哈投股份,1,,,
2026-09-15,000889.SZ,中嘉博创,1,,,
2026-09-15,002140.SZ,东华科技,1,,,
2026-09-15,000899.SZ,赣能股份,1,,,
2026-09-15,002596.SZ,海南瑞泽,1,,,
2026-09-15,600917.SH,重庆燃气,1,,,
2026-09-15,600726.SH,华电能源,1,,,
2026-09-15,000810.SZ,创维数字,1,,,
2026-09-15,600343.SH,航天动力,1,,,
2026-09-15,000601.SZ,韶能股份,1,,,
2026-09-15,603366.SH,日出东方,1,,,
2026-09-15,600582.SH,天地科技,1,,,
2026-09-15,000537.SZ,绿发电力,1,,,
2026-09-15,000863.SZ,三湘印象,1,,,
2026-09-15,002591.SZ,恒大高新,1,,,
2026-09-15,600578.SH,京能电力,1,,,
2026-09-15,600303.SH,曙光股份,1,,,
2026-09-15,002451.SZ,摩恩电气,1,,,
2026-09-15,002434.SZ,万里扬,1,,,
2026-09-15,601991.SH,大唐发电,1,,,
2026-09-15,603106.SH,恒银科技,1,,,
2026-09-15,600764.SH,中国海防,1,,,
2026-09-15,002643.SZ,万润股份,1,,,
2026-09-15,002552.SZ,宝鼎科技,1,,,
2026-09-15,003037.SZ,三和管桩,1,,,
2026-09-15,002692.SZ,远程股份,1,,,
2026-09-15,600396.SH,华电辽能,1,,,
2026-09-15,000539.SZ,粤电力A,1,,,
2026-09-15,600249.SH,两面针,1,,,
2026-09-15,603389.SH,亚振家居,1,,,
2026-09-15,002481.SZ,双塔食品,1,,,
2026-09-15,002600.SZ,领益智造,1,,,
2026-09-15,600710.SH,苏美达,1,,,
2026-09-15,600789.SH,鲁抗医药,1,,,
2026-09-15,002310.SZ,东方新能,1,,,
2026-09-15,000021.SZ,深科技,1,,,
2026-09-15,001215.SZ,千味央厨,1,,,
2026-09-15,000767.SZ,晋控电力,1,,,
2026-09-15,002132.SZ,恒星科技,1,,,
2026-09-15,603053.SH,成都燃气,1,,,
2026-09-15,603093.SH,南华期货,1,,,
2026-09-15,601061.SH,中信金属,1,,,
2026-09-15,603214.SH,爱婴室,1,,,
2026-09-15,603066.SH,音飞储存,1,,,
2026-09-15,002121.SZ,科陆电子,1,,,
2026-09-15,001368.SZ,通达创智,1,,,
2026-09-15,605567.SH,春雪食品,1,,,
2026-09-15,601008.SH,连云港,1,,,
2026-09-15,000586.SZ,汇源通信,1,,,
2026-09-15,000923.SZ,河钢资源,1,,,
2026-09-15,002910.SZ,庄园牧场,1,,,
2026-09-15,000737.SZ,北方铜业,1,,,
2026-09-15,002442.SZ,龙星科技,1,2026-09-16,1,2026-09-16
2026-09-15,002913.SZ,奥士康,1,2026-09-16,1,2026-09-16
2026-09-15,003033.SZ,征和工业,1,,,
2026-09-15,001280.SZ,中国铀业,1,,,
2026-09-15,003006.SZ,百亚股份,1,,,
2026-09-15,001205.SZ,盛航股份,1,,,
2026-09-15,002593.SZ,日上集团,1,,,
2026-09-15,601611.SH,中国核建,1,,,
2026-09-15,601022.SH,宁波远洋,1,,,
2026-09-15,600824.SH,益民集团,1,,,
2026-09-15,000690.SZ,宝新能源,1,,,
2026-09-15,000988.SZ,华工科技,1,,,
2026-09-15,002953.SZ,日丰股份,1,,,
2026-09-15,601126.SH,四方股份,1,,,
2026-09-15,603128.SH,华贸物流,1,,,
2026-09-15,000088.SZ,盐田港,1,,,
2026-09-15,600191.SH,华资实业,1,,,
2026-09-15,600348.SH,华阳股份,1,,,
2026-09-15,600217.SH,中再资环,1,,,
2026-09-15,600855.SH,航天长峰,1,,,
2026-09-15,002597.SZ,金禾实业,1,,,
2026-09-15,001338.SZ,永顺泰,1,,,
2026-09-15,600875.SH,东方电气,1,,,
2026-09-15,000915.SZ,华特达因,1,,,
2026-09-15,603663.SH,三祥新材,1,,,
2026-09-15,000507.SZ,珠海港,1,,,
2026-09-15,600776.SH,东方通信,1,,,
2026-09-15,600841.SH,动力新科,1,,,
2026-09-15,001201.SZ,东瑞股份,1,,,
2026-09-15,603005.SH,晶方科技,1,,,
2026-09-15,605151.SH,西上海,1,,,
2026-09-15,002258.SZ,利尔化学,1,,,
2026-09-15,002532.SZ,天山铝业,1,,,
2026-09-15,002652.SZ,扬子新材,1,,,
2026-09-15,600590.SH,泰豪科技,1,,,
2026-09-15,002267.SZ,陕天然气,1,,,
2026-09-15,600059.SH,古越龙山,1,2026-09-16,1,2026-09-16
2026-09-15,605222.SH,起帆电缆,1,,,
2026-09-15,002448.SZ,中原内配,1,,,
2026-09-15,603615.SH,茶花股份,1,,,
2026-09-15,600569.SH,安阳钢铁,1,,,
2026-09-15,603928.SH,兴业股份,1,,,
2026-09-15,002915.SZ,中欣氟材,1,,,
2026-09-15,601568.SH,北元化工,1,,,
2026-09-15,000869.SZ,张裕A,1,,,
2026-09-15,000655.SZ,金岭矿业,1,,,
2026-09-15,002171.SZ,楚江新材,1,,,
2026-09-15,000933.SZ,神火股份,1,,,
2026-09-15,600467.SH,好当家,1,,,
2026-09-15,002795.SZ,永和智控,1,,,
2026-09-15,600011.SH,华能国际,1,,,
2026-09-15,603222.SH,济民健康,1,,,
2026-09-15,002819.SZ,东方中科,1,,,
2026-09-15,603527.SH,众源新材,1,,,
2026-09-15,000789.SZ,万年青,1,,,
2026-09-15,002516.SZ,旷达科技,1,,,
2026-09-15,603321.SH,梅轮电梯,1,,,
2026-09-15,603888.SH,新华网,1,,,
2026-09-15,002370.SZ,亚太药业,1,,,
2026-09-15,002224.SZ,三力士,1,,,
2026-09-15,000516.SZ,国际医学,1,,,
2026-09-15,002713.SZ,东易日盛,1,,,
2026-09-15,603331.SH,百达精工,1,,,
2026-09-15,002166.SZ,莱茵生物,1,,,
2026-09-15,600935.SH,华塑股份,1,,,
2026-09-15,002728.SZ,特一药业,1,,,
2026-09-15,603779.SH,威龙股份,1,,,
2026-09-15,600161.SH,天坛生物,1,,,
2026-09-15,000822.SZ,山东海化,1,,,
2026-09-15,603153.SH,上海建科,1,,,
2026-09-15,002792.SZ,通宇通讯,1,,,
2026-09-15,600777.SH,新潮能源,1,,,
2026-09-15,000778.SZ,新兴铸管,1,,,
2026-09-15,600113.SH,浙江东,1,,,
2026-09-15,002053.SZ,云南能投,1,,,
2026-09-15,000953.SZ,中哲精化,1,,,
2026-09-15,600518.SH,康美药业,1,,,
2026-09-15,600470.SH,六国化工,1,,,
2026-09-15,600822.SH,上海物贸,1,,,
2026-09-15,601005.SH,重庆钢铁,1,,,
2026-09-15,003002.SZ,壶化股份,1,,,
2026-09-15,002562.SZ,兄弟科技,1,,,
2026-09-15,600097.SH,开创国际,1,,,
2026-09-15,002324.SZ,普利特,1,,,
2026-09-15,002788.SZ,鹭燕医药,1,,,
2026-09-15,601618.SH,中国中冶,1,,,
2026-09-15,601858.SH,中国科传,1,,,
2026-09-15,000902.SZ,新洋丰,1,,,
2026-09-15,603997.SH,继峰股份,1,,,
2026-09-15,603120.SH,肯特催化,1,,,
2026-09-15,603600.SH,永艺股份,1,,,
2026-09-15,002529.SZ,海源复材,1,,,
2026-09-15,600866.SH,星湖科技,1,,,
2026-09-15,600389.SH,江山股份,1,,,
2026-09-15,603639.SH,海利尔,1,,,
2026-09-15,001324.SZ,长青科技,1,,,
2026-09-15,000528.SZ,柳工,1,,,
2026-09-15,600372.SH,中航机载,1,,,
2026-09-15,002637.SZ,赞宇科技,1,,,
2026-09-15,603212.SH,赛伍技术,1,,,
2026-09-15,002588.SZ,史丹利,1,,,
2026-09-15,002116.SZ,中国海诚,1,,,
2026-09-15,002962.SZ,五方光电,1,,,
2026-09-15,600362.SH,江西铜业,1,,,
2026-09-15,600165.SH,宁科生物,1,,,
2026-09-15,600399.SH,抚顺特钢,1,,,
2026-09-15,000525.SZ,红太阳,1,,,
2026-09-15,000422.SZ,湖北宜化,1,,,
2026-09-15,603578.SH,三星新材,1,,,
2026-09-15,002749.SZ,国光股份,1,,,
2026-09-15,603335.SH,迪生力,1,,,
2026-09-15,600356.SH,恒丰纸业,1,,,
2026-09-15,000856.SZ,冀东装备,1,,,
2026-09-15,603096.SH,新经典,1,,,
2026-09-15,000756.SZ,新华制药,1,,,
2026-09-15,605300.SH,佳禾食品,1,,,
2026-09-15,000702.SZ,正虹科技,1,,,
2026-09-15,603390.SH,通达电气,1,,,
2026-09-15,600975.SH,新五丰,1,,,
2026-09-15,603536.SH,惠发食品,1,,,
2026-09-15,001222.SZ,源飞宠物,1,,,
2026-09-15,603122.SH,合富中国,1,2026-09-16,1,2026-09-16
2026-09-15,002006.SZ,精工科技,1,,,
2026-09-15,603418.SH,友升股份,1,,,
2026-09-15,002124.SZ,天邦食品,1,,,
2026-09-15,603030.SH,全筑股份,1,,,
2026-09-15,000813.SZ,德展健康,1,,,
2026-09-15,603609.SH,禾丰股份,1,,,
2026-09-15,000504.SZ,南华生物,1,,,
2026-09-15,600814.SH,杭州解百,1,,,
2026-09-15,600380.SH,健康元,1,,,
2026-09-15,000876.SZ,新希望,1,,,
2026-09-15,002985.SZ,北摩高科,1,,,
2026-09-15,000417.SZ,合百集团,1,,,
2026-09-15,002086.SZ,东方海洋,1,,,
2026-09-15,002885.SZ,京泉华,1,,,
2026-09-15,603123.SH,翠微股份,1,,,
2026-09-15,603289.SH,泰瑞机器,1,,,
2026-09-15,002970.SZ,锐明技术,1,,,
2026-09-15,600308.SH,华泰股份,1,,,
2026-09-15,002567.SZ,唐人神,1,,,
2026-09-15,603773.SH,沃格光电,1,,,
2026-09-15,000880.SZ,潍柴重机,1,,,
2026-09-15,603151.SH,邦基科技,1,,,
2026-09-15,001210.SZ,金房能源,1,,,
2026-09-15,603458.SH,勘设股份,1,,,
2026-09-15,603713.SH,密尔克卫,1,,,
2026-09-15,002476.SZ,新叶股份,1,,,
2026-09-15,002571.SZ,德力股份,1,,,
2026-09-15,000592.SZ,平潭发展,1,2026-09-16,1,2026-09-16
2026-09-15,000430.SZ,张家界,1,,,
2026-09-15,002056.SZ,横店东磁,1,,,
2026-09-15,605388.SH,均瑶健康,1,,,
2026-09-15,603655.SH,朗博科技,1,,,
2026-09-15,002730.SZ,电光科技,1,2026-09-16,1,2026-09-16
2026-09-16,001306.SZ,夏厦精密,0,,,
2026-09-16,000859.SZ,国风新材,0,,,
2026-09-16,603686.SH,福龙马,0,,,
2026-09-16,002623.SZ,亚玛顿,0,,,
2026-09-16,001288.SZ,运机集团,0,,,
2026-09-16,001358.SZ,兴欣新材,0,,,
2026-09-16,000561.SZ,烽火电子,0,,,
2026-09-16,603507.SH,振江股份,0,,,
2026-09-16,002150.SZ,正泰电源,0,,,
2026-09-16,603038.SH,华立股份,0,,,
2026-09-16,001211.SZ,双枪科技,0,,,
2026-09-16,603407.SH,长裕集团,0,,,
2026-09-16,603558.SH,健盛集团,0,,,
2026-09-16,600521.SH,华海药业,0,,,
2026-09-16,600052.SH,东望时代,0,,,
2026-09-16,002935.SZ,天奥电子,0,,,
2026-09-16,002753.SZ,永东股份,0,,,
2026-09-16,603065.SH,宿迁联盛,0,,,
2026-09-16,603131.SH,上海沪工,0,,,
2026-09-16,002074.SZ,国轩高科,0,,,
2026-09-16,603010.SH,万盛股份,0,,,
2026-09-16,001207.SZ,联科科技,0,,,
2026-09-16,002222.SZ,福晶科技,0,,,
2026-09-16,002228.SZ,合兴包装,0,,,
2026-09-16,605589.SH,圣泉集团,0,,,
2026-09-16,002640.SZ,跨境通,0,,,
2026-09-16,002145.SZ,钛能化学,0,,,
2026-09-16,002705.SZ,新宝股份,0,,,
2026-09-16,000607.SZ,华媒控股,0,,,
2026-09-16,600666.SH,奥瑞德,0,,,
2026-09-16,603092.SH,德力佳,0,,,
2026-09-16,002876.SZ,三利谱,0,,,
2026-09-16,603232.SH,格尔软件,0,,,
2026-09-16,000409.SZ,云鼎科技,0,,,
2026-09-16,002439.SZ,启明星辰,0,,,
2026-09-16,000037.SZ,深南电A,0,,,
2026-09-16,002842.SZ,翔鹭钨业,0,,,
2026-09-16,002378.SZ,章源钨业,0,,,
2026-09-16,603000.SH,人民网,0,,,
2026-09-16,600579.SH,中化装备,0,,,
2026-09-16,002169.SZ,智光电气,0,,,
2026-09-16,603218.SH,日月股份,0,,,
2026-09-16,603236.SH,移远通信,0,,,
2026-09-16,002927.SZ,泰永长征,0,,,
2026-09-16,605305.SH,中际联合,0,,,
2026-09-16,000657.SZ,中钨高新,0,,,
2026-09-16,600360.SH,华微电子,0,,,
2026-09-16,603637.SH,镇海股份,0,,,
2026-09-16,605155.SH,西大门,0,,,
2026-09-16,001399.SZ,惠科股份,0,,,
2026-09-16,002668.SZ,TCL智家,0,,,
2026-09-16,603496.SH,恒为科技,0,,,
2026-09-16,603435.SH,嘉德利,0,,,
2026-09-16,002741.SZ,光华科技,0,,,
2026-09-16,002025.SZ,航天电器,0,,,
2026-09-16,603206.SH,嘉环科技,0,,,
2026-09-16,601016.SH,节能风电,0,,,
2026-09-16,002223.SZ,鱼跃医疗,0,,,
2026-09-16,603766.SH,隆鑫通用,0,,,
2026-09-16,600549.SH,厦门钨业,0,,,
2026-09-16,002173.SZ,创新医疗,0,,,
2026-09-16,603256.SH,宏和科技,0,,,
2026-09-16,603129.SH,春风动力,0,,,
2026-09-16,600609.SH,金杯汽车,0,,,
2026-09-16,002339.SZ,积成电子,0,,,
2026-09-16,000726.SZ,鲁泰A,0,,,
2026-09-16,601279.SH,英利汽车,0,,,
2026-09-16,002268.SZ,电科网安,0,,,
2026-09-16,003028.SZ,振邦智能,0,,,
2026-09-16,603661.SH,恒林股份,0,,,
2026-09-16,002565.SZ,顺灏股份,0,,,
2026-09-16,600742.SH,富维股份,0,,,
2026-09-16,002279.SZ,久其软件,0,,,
2026-09-16,002139.SZ,拓邦股份,0,,,
2026-09-16,603982.SH,泉峰汽车,0,,,
2026-09-16,603291.SH,联合水务,0,,,
2026-09-16,000800.SZ,一汽解放,0,,,
2026-09-16,600738.SH,丽尚国,0,,,
2026-09-16,600798.SH,宁波海运,0,,,
2026-09-16,603344.SH,星德胜,0,,,
2026-09-16,002134.SZ,天津普林,0,,,
2026-09-16,603683.SH,晶华新材,0,,,
2026-09-16,600654.SH,中安科,0,,,
2026-09-16,002561.SZ,徐家汇,0,,,
2026-09-16,603267.SH,鸿远电子,0,,,
2026-09-16,603051.SH,鹿山新材,0,,,
2026-09-16,601360.SH,三六零,0,,,
2026-09-16,603966.SH,法兰泰克,0,,,
2026-09-16,603677.SH,奇精机械,0,,,
2026-09-16,002462.SZ,嘉事堂,0,,,
2026-09-16,001228.SZ,永泰运,0,,,
2026-09-16,605167.SH,利柏特,0,,,
2026-09-16,002866.SZ,传艺科技,0,,,
2026-09-16,002745.SZ,木林森,0,,,
2026-09-16,002344.SZ,海宁皮城,0,,,
2026-09-16,002859.SZ,洁美科技,0,,,
2026-09-16,002394.SZ,联发股份,0,,,
2026-09-16,603261.SH,立航科技,0,,,
2026-09-16,603868.SH,飞科电器,0,,,
2026-09-16,600021.SH,上海电力,0,,,
2026-09-16,002106.SZ,莱宝高科,0,,,
2026-09-16,600375.SH,汉马科技,0,,,
2026-09-16,001312.SZ,福恩股份,0,,,
2026-09-16,002099.SZ,海翔药业,0,,,
2026-09-16,603489.SH,八方股份,0,,,
2026-09-16,600960.SH,渤海汽车,0,,,
2026-09-16,002191.SZ,劲嘉股份,0,,,
2026-09-16,000625.SZ,长安汽车,0,,,
2026-09-16,002296.SZ,辉煌科技,0,,,
2026-09-16,001319.SZ,铭科精技,0,,,
2026-09-16,600032.SH,浙江新能,0,,,
2026-09-16,600682.SH,南京新百,0,,,
2026-09-16,000151.SZ,中成股份,0,,,
2026-09-16,002735.SZ,王子新材,0,,,
2026-09-16,601112.SH,振石股份,0,,,
2026-09-16,600706.SH,曲江文旅,0,,,
2026-09-16,600104.SH,上汽集团,0,,,
2026-09-16,603226.SH,菲林格尔,0,,,
2026-09-16,002508.SZ,老板电器,0,,,
2026-09-16,600982.SH,宁波能源,0,,,
2026-09-16,002613.SZ,北玻股份,0,,,
2026-09-16,600310.SH,广西能源,0,,,
2026-09-16,002108.SZ,沧州明珠,0,,,
2026-09-16,003013.SZ,地铁设计,0,,,
2026-09-16,002088.SZ,鲁阳节能,0,,,
2026-09-16,002413.SZ,雷科防务,0,,,
2026-09-16,600979.SH,广安爱众,0,,,
2026-09-16,000921.SZ,海信家电,0,,,
2026-09-16,003035.SZ,南网能源,0,,,
2026-09-16,000862.SZ,银星能源,0,,,
2026-09-16,600468.SH,百利电气,0,,,
2026-09-16,600293.SH,三峡新材,0,,,
2026-09-16,603678.SH,火炬电子,0,,,
2026-09-16,002510.SZ,天汽模,0,,,
2026-09-16,002130.SZ,沃尔核材,0,,,
2026-09-16,600198.SH,大唐电信,0,,,
2026-09-16,603606.SH,东方电缆,0,,,
2026-09-16,003007.SZ,直真科技,0,,,
2026-09-16,001388.SZ,信通电子,0,,,
2026-09-16,603196.SH,璞源材料,0,,,
2026-09-16,600100.SH,同方股份,0,,,
2026-09-16,000791.SZ,甘肃能源,0,,,
2026-09-16,001390.SZ,古麒绒材,0,,,
2026-09-16,002973.SZ,侨银股份,0,,,
2026-09-16,000531.SZ,穗恒运A,0,,,
2026-09-16,002202.SZ,金风科技,0,,,
2026-09-16,603205.SH,健尔康,0,,,
2026-09-16,002039.SZ,黔源电力,0,,,
2026-09-16,603376.SH,大明电子,0,,,
2026-09-16,000012.SZ,南玻A,0,,,
2026-09-16,600812.SH,华北制药,0,,,
2026-09-16,600101.SH,明星电力,0,,,
2026-09-16,003029.SZ,吉大正元,0,,,
2026-09-16,600505.SH,西昌电力,0,,,
2026-09-16,600864.SH,哈投股份,0,,,
2026-09-16,000889.SZ,中嘉博创,0,,,
2026-09-16,002140.SZ,东华科技,0,,,
2026-09-16,000899.SZ,赣能股份,0,,,
2026-09-16,002596.SZ,海南瑞泽,0,,,
2026-09-16,600917.SH,重庆燃气,0,,,
2026-09-16,600726.SH,华电能源,0,,,
2026-09-16,000810.SZ,创维数字,0,,,
2026-09-16,600343.SH,航天动力,0,,,
2026-09-16,000601.SZ,韶能股份,0,,,
2026-09-16,603366.SH,日出东方,0,,,
2026-09-16,600582.SH,天地科技,0,,,
2026-09-16,000537.SZ,绿发电力,0,,,
2026-09-16,000863.SZ,三湘印象,0,,,
2026-09-16,002591.SZ,恒大高新,0,,,
2026-09-16,600578.SH,京能电力,0,,,
2026-09-16,600303.SH,曙光股份,0,,,
2026-09-16,002451.SZ,摩恩电气,0,,,
2026-09-16,002434.SZ,万里扬,0,,,
2026-09-16,601991.SH,大唐发电,0,,,
2026-09-16,603106.SH,恒银科技,0,,,
2026-09-16,600764.SH,中国海防,0,,,
2026-09-16,002643.SZ,万润股份,0,,,
2026-09-16,002552.SZ,宝鼎科技,0,,,
2026-09-16,003037.SZ,三和管桩,0,,,
2026-09-16,002692.SZ,远程股份,0,,,
2026-09-16,600396.SH,华电辽能,0,,,
2026-09-16,000539.SZ,粤电力A,0,,,
2026-09-16,600249.SH,两面针,0,,,
2026-09-16,603389.SH,亚振家居,0,,,
2026-09-16,002481.SZ,双塔食品,0,,,
2026-09-16,002600.SZ,领益智造,0,,,
2026-09-16,600710.SH,苏美达,0,,,
2026-09-16,600789.SH,鲁抗医药,0,,,
2026-09-16,002310.SZ,东方新能,0,,,
2026-09-16,000021.SZ,深科技,0,,,
2026-09-16,001215.SZ,千味央厨,0,,,
2026-09-16,000767.SZ,晋控电力,0,,,
2026-09-16,002132.SZ,恒星科技,0,,,
2026-09-16,603053.SH,成都燃气,0,,,
2026-09-16,603093.SH,南华期货,0,,,
2026-09-16,601061.SH,中信金属,0,,,
2026-09-16,603214.SH,爱婴室,0,,,
2026-09-16,603066.SH,音飞储存,0,,,
2026-09-16,002121.SZ,科陆电子,0,,,
2026-09-16,001368.SZ,通达创智,0,,,
2026-09-16,000735.SZ,罗牛山,0,,,
2026-09-16,605567.SH,春雪食品,0,,,
2026-09-16,601008.SH,连云港,0,,,
2026-09-16,000586.SZ,汇源通信,0,,,
2026-09-16,000923.SZ,河钢资源,0,,,
2026-09-16,002910.SZ,庄园牧场,0,,,
2026-09-16,000737.SZ,北方铜业,0,,,
2026-09-16,003033.SZ,征和工业,0,,,
2026-09-16,001280.SZ,中国铀业,0,,,
2026-09-16,003006.SZ,百亚股份,0,,,
2026-09-16,001205.SZ,盛航股份,0,,,
2026-09-16,002593.SZ,日上集团,0,,,
2026-09-16,601611.SH,中国核建,0,,,
2026-09-16,601022.SH,宁波远洋,0,,,
2026-09-16,600824.SH,益民集团,0,,,
2026-09-16,000690.SZ,宝新能源,0,,,
2026-09-16,000988.SZ,华工科技,0,,,
2026-09-16,002953.SZ,日丰股份,0,,,
2026-09-16,601126.SH,四方股份,0,,,
2026-09-16,603128.SH,华贸物流,0,,,
2026-09-16,000088.SZ,盐田港,0,,,
2026-09-16,600191.SH,华资实业,0,,,
2026-09-16,600348.SH,华阳股份,0,,,
2026-09-16,600217.SH,中再资环,0,,,
2026-09-16,600855.SH,航天长峰,0,,,
2026-09-16,002597.SZ,金禾实业,0,,,
2026-09-16,001338.SZ,永顺泰,0,,,
2026-09-16,002011.SZ,盾安环境,0,,,
2026-09-16,600875.SH,东方电气,0,,,
2026-09-16,000915.SZ,华特达因,0,,,
2026-09-16,603311.SH,金海高科,0,,,
2026-09-16,603663.SH,三祥新材,0,,,
2026-09-16,000507.SZ,珠海港,0,,,
2026-09-16,600776.SH,东方通信,0,,,
2026-09-16,600841.SH,动力新科,0,,,
2026-09-16,001201.SZ,东瑞股份,0,,,
2026-09-16,603005.SH,晶方科技,0,,,
2026-09-16,605151.SH,西上海,0,,,
2026-09-16,002258.SZ,利尔化学,0,,,
2026-09-16,002532.SZ,天山铝业,0,,,
2026-09-16,600590.SH,泰豪科技,0,,,
2026-09-16,002267.SZ,陕天然气,0,,,
2026-09-16,605222.SH,起帆电缆,0,,,
2026-09-16,002448.SZ,中原内配,0,,,
2026-09-16,603615.SH,茶花股份,0,,,
2026-09-16,600569.SH,安阳钢铁,0,,,
2026-09-16,603928.SH,兴业股份,0,,,
2026-09-16,002915.SZ,中欣氟材,0,,,
2026-09-16,601568.SH,北元化工,0,,,
2026-09-16,000869.SZ,张裕A,0,,,
2026-09-16,000655.SZ,金岭矿业,0,,,
2026-09-16,002171.SZ,楚江新材,0,,,
2026-09-16,002652.SZ,扬子新材,0,,,
2026-09-16,000933.SZ,神火股份,0,,,
2026-09-16,600467.SH,好当家,0,,,
2026-09-16,002795.SZ,永和智控,0,,,
2026-09-16,600011.SH,华能国际,0,,,
2026-09-16,603222.SH,济民健康,0,,,
2026-09-16,002819.SZ,东方中科,0,,,
2026-09-16,603527.SH,众源新材,0,,,
2026-09-16,603826.SH,坤彩科技,0,,,
2026-09-16,000789.SZ,万年青,0,,,
2026-09-16,600770.SH,综艺股份,0,,,
2026-09-16,603321.SH,梅轮电梯,0,,,
2026-09-16,603888.SH,新华网,0,,,
2026-09-16,002483.SZ,润邦股份,0,,,
2026-09-16,002370.SZ,亚太药业,0,,,
2026-09-16,600280.SH,中央商场,0,,,
2026-09-16,000516.SZ,国际医学,0,,,
2026-09-16,603331.SH,百达精工,0,,,
2026-09-16,002166.SZ,莱茵生物,0,,,
2026-09-16,600935.SH,华塑股份,0,,,
2026-09-16,002728.SZ,特一药业,0,,,
2026-09-16,603779.SH,威龙股份,0,,,
2026-09-16,600161.SH,天坛生物,0,,,
2026-09-16,603153.SH,上海建科,0,,,
2026-09-16,001366.SZ,播恩集团,0,,,
2026-09-16,002224.SZ,三力士,0,,,
2026-09-16,002792.SZ,通宇通讯,0,,,
2026-09-16,600400.SH,红豆股份,0,,,
2026-09-16,603696.SH,安记食品,0,,,
2026-09-16,600777.SH,新潮能源,0,,,
2026-09-16,002852.SZ,道道全,0,,,
2026-09-16,002436.SZ,兴森科技,0,,,
2026-09-16,000778.SZ,新兴铸管,0,,,
2026-09-16,600113.SH,浙江东,0,,,
2026-09-16,002053.SZ,云南能投,0,,,
2026-09-16,000953.SZ,中哲精化,0,,,
2026-09-16,600518.SH,康美药业,0,,,
2026-09-16,600470.SH,六国化工,0,,,
2026-09-16,002516.SZ,旷达科技,0,,,
2026-09-16,601005.SH,重庆钢铁,0,,,
2026-09-16,003002.SZ,壶化股份,0,,,
2026-09-16,002562.SZ,兄弟科技,0,,,
2026-09-16,600097.SH,开创国际,0,,,
2026-09-16,002324.SZ,普利特,0,,,
2026-09-16,603119.SH,浙江荣泰,0,,,
2026-09-16,601618.SH,中国中冶,0,,,
2026-09-16,601858.SH,中国科传,0,,,
2026-09-16,000902.SZ,新洋丰,0,,,
2026-09-16,603997.SH,继峰股份,0,,,
2026-09-16,603120.SH,肯特催化,0,,,
2026-09-16,001229.SZ,魅视科技,0,,,
2026-09-16,603600.SH,永艺股份,0,,,
2026-09-16,002529.SZ,海源复材,0,,,
2026-09-16,603083.SH,剑桥科技,0,,,
2026-09-16,600866.SH,星湖科技,0,,,
2026-09-16,600389.SH,江山股份,0,,,
2026-09-16,603639.SH,海利尔,0,,,
2026-09-16,002788.SZ,鹭燕医药,0,,,
2026-09-16,001324.SZ,长青科技,0,,,
2026-09-16,000528.SZ,柳工,0,,,
2026-09-16,600372.SH,中航机载,0,,,
2026-09-16,002637.SZ,赞宇科技,0,,,
2026-09-16,603212.SH,赛伍技术,0,,,
2026-09-16,002588.SZ,史丹利,0,,,
2026-09-16,002916.SZ,深南电路,0,,,
2026-09-16,000428.SZ,华天酒店,0,,,
2026-09-16,002116.SZ,中国海诚,0,,,
2026-09-16,002962.SZ,五方光电,0,,,
2026-09-16,600362.SH,江西铜业,0,,,
2026-09-16,600165.SH,宁科生物,0,,,
2026-09-16,600399.SH,抚顺特钢,0,,,
2026-09-16,000525.SZ,红太阳,0,,,
2026-09-16,000422.SZ,湖北宜化,0,,,
2026-09-16,603578.SH,三星新材,0,,,
2026-09-16,002749.SZ,国光股份,0,,,
2026-09-16,603335.SH,迪生力,0,,,
2026-09-16,600356.SH,恒丰纸业,0,,,
2026-09-16,000856.SZ,冀东装备,0,,,
2026-09-16,603096.SH,新经典,0,,,
2026-09-16,000756.SZ,新华制药,0,,,
2026-09-16,605300.SH,佳禾食品,0,,,
2026-09-16,002713.SZ,东易日盛,0,,,
2026-09-16,600822.SH,上海物贸,0,,,
2026-09-16,000822.SZ,山东海化,0,,,
